SourceID,Publisher,Title,URL,AccessedUTC,SourceType,UseInStudy,Limitations
S01,University of Canterbury,The Canterbury Corpus,https://corpus.canterbury.ac.nz/descriptions/,2026-10-08,Primary dataset documentation,"Corpus composition; official download endpoint returned 403 so bytes retrieved from pinned mirror",Historical data from 1990s
S02,nabcouwer,cantrbry mirror commit 110a81a54fd74b66c74ce836e44d8ca70ed346ea,https://github.com/nabcouwer/cantrbry/tree/110a81a54fd74b66c74ce836e44d8ca70ed346ea,2026-10-08,Dataset mirror,"Pinned Canterbury files; lengths and checksums verified",Unendorsed mirror, not original host
S03,University of Canterbury,Large Canterbury Corpus,https://corpus.canterbury.ac.nz/descriptions/,2026-10-08,Primary dataset documentation,"Dataset description and expected sample sizes",Historical dataset
S04,BeauJoh,HuffmanDecoderOnGPUs mirror commit c291826f1b15664543e37c193c3768c43535ee14,https://github.com/BeauJoh/HuffmanDecoderOnGPUs/tree/c291826f1b15664543e37c193c3768c43535ee14,2026-10-08,Dataset mirror,"Pinned large Canterbury samples; byte lengths checked",Unendorsed mirror, not original host
S05,University of Canterbury,Canterbury historical compression ratios,https://corpus.canterbury.ac.nz/details/cantrbry/RatioByLex.html,2026-10-08,Historical measured data,"Context for variation by file and method only",Last updated 2001-05-03; not current products
S06,Silesia Corpus maintainers,Silesia corpus,https://sun.aei.polsl.pl/~sdeor/index.php?page=silesia,2026-10-08,Primary dataset documentation,"Provenance, intended use and descriptions",Historical reference corpus
S07,MiloszKrajewski,SilesiaCorpus mirror commit 3f3fa2cdbbb3795c903b74e774acb309e1360337,https://github.com/MiloszKrajewski/SilesiaCorpus/tree/3f3fa2cdbbb3795c903b74e774acb309e1360337,2026-10-08,Dataset mirror,"Pinned retrieval source; file hashes checked against README",Unendorsed mirror
S08,Microsoft Support,Storage settings in Windows,https://support.microsoft.com/en-us/windows/experience/storage-filemanagement/storage-settings-in-windows,2026-10-08,Official product documentation,"Windows storage overview",UI varies by Windows release
S09,Microsoft Support,Manage drive space with Storage Sense,https://support.microsoft.com/en-us/windows/experience/storage-filemanagement/manage-drive-space-with-storage-sense,2026-10-08,Official product documentation,"Storage Sense scope and configurable cleanup",Behavior depends on settings
S10,Microsoft Support,Free up drive space in Windows,https://support.microsoft.com/en-gb/windows/experience/storage-filemanagement/free-up-drive-space-in-windows,2026-10-08,Official product documentation,"Built-in cleanup workflow",May change over time
S11,Microsoft Learn,compact command,https://learn.microsoft.com/en-us/windows-server/administration/windows-commands/compact,2026-10-08,Official technical documentation,"NTFS compression command semantics",Windows-specific
S12,Microsoft Learn,Compression attribute,https://learn.microsoft.com/en-us/windows/win32/fileio/compression-attribute,2026-10-08,Official technical documentation,"NTFS compression attribute",Does not predict savings or performance
S13,Antibody Software,WizTree FAQ,https://wize-tree.com/faq/,2026-10-08,Vendor documentation,"Logical Size versus Allocated; NTFS scan and privileges",Vendor performance claims not independently benchmarked
S14,Antibody Software,WizTree Guide,https://wize-tree.com/guide/,2026-10-08,Vendor documentation,"Interface and usage interpretation",Not independent product evaluation
S15,Microsoft Support,Save disk space with OneDrive Files On-Demand for Windows,https://support.microsoft.com/en-us/onedrive/save-disk-space-with-onedrive-files-on-demand-for-windows,2026-10-08,Official product documentation,"Cloud placeholders as storage trade-off",Connectivity and configuration required
S16,Microsoft Support,Delete files or folders in OneDrive,https://support.microsoft.com/en-us/onedrive/delete-files-or-folders-in-onedrive,2026-10-08,Official product documentation,"Synchronized deletion implications",Depends on account and sync state
S17,7-Zip,7z format,https://www.7-zip.org/7z.html,2026-10-08,Official product documentation,"Archive-format context only",No 7-Zip tests performed
S18,Microsoft Learn,Compact OS and image optimization,https://learn.microsoft.com/en-us/windows/iot/iot-enterprise/optimize/compactos,2026-10-08,Official technical documentation,"Distinguishes file compression from Compact OS",No Compact OS tests performed
