Dataset,Sample,Category,Method,Repeat,Files,InputLogicalBytes,ReferenceAllocatedBytes,OutputBytes,ChangeBytes,ChangePercent,RatioInputOverOutput,DurationMilliseconds,InputManifestSHA256,RoundTripManifestSHA256,IntegrityPassed
Canterbury,alice29.txt,English text,ZIP Optimal,1,1,152089,152089,54518,-97571,-64.153884,2.789702,129.0111,F935822FECDF540446E8C48CABF5CE39E1050D5634C9A2E9212112F19FABA36C,F935822FECDF540446E8C48CABF5CE39E1050D5634C9A2E9212112F19FABA36C,True
Canterbury,alice29.txt,English text,NTFS compact,1,1,152089,152089,106496,-45593,-29.977842,1.428119,51.1647,F935822FECDF540446E8C48CABF5CE39E1050D5634C9A2E9212112F19FABA36C,F935822FECDF540446E8C48CABF5CE39E1050D5634C9A2E9212112F19FABA36C,True
Canterbury,alice29.txt,English text,ZIP Optimal,2,1,152089,152089,54518,-97571,-64.153884,2.789702,128.3771,F935822FECDF540446E8C48CABF5CE39E1050D5634C9A2E9212112F19FABA36C,F935822FECDF540446E8C48CABF5CE39E1050D5634C9A2E9212112F19FABA36C,True
Canterbury,alice29.txt,English text,NTFS compact,2,1,152089,152089,106496,-45593,-29.977842,1.428119,60.2057,F935822FECDF540446E8C48CABF5CE39E1050D5634C9A2E9212112F19FABA36C,F935822FECDF540446E8C48CABF5CE39E1050D5634C9A2E9212112F19FABA36C,True
Canterbury,alice29.txt,English text,ZIP Optimal,3,1,152089,152089,54518,-97571,-64.153884,2.789702,139.7052,F935822FECDF540446E8C48CABF5CE39E1050D5634C9A2E9212112F19FABA36C,F935822FECDF540446E8C48CABF5CE39E1050D5634C9A2E9212112F19FABA36C,True
Canterbury,alice29.txt,English text,NTFS compact,3,1,152089,152089,106496,-45593,-29.977842,1.428119,49.3097,F935822FECDF540446E8C48CABF5CE39E1050D5634C9A2E9212112F19FABA36C,F935822FECDF540446E8C48CABF5CE39E1050D5634C9A2E9212112F19FABA36C,True
Canterbury,asyoulik.txt,Shakespeare text,ZIP Optimal,1,1,125179,125179,49013,-76166,-60.845669,2.553996,129.6024,A6FD0E30B9589F3467327A874AC8BCBAB895684275CA0B411CBCFD466AF4BA0A,A6FD0E30B9589F3467327A874AC8BCBAB895684275CA0B411CBCFD466AF4BA0A,True
Canterbury,asyoulik.txt,Shakespeare text,NTFS compact,1,1,125179,125179,86016,-39163,-31.285599,1.455299,48.2962,A6FD0E30B9589F3467327A874AC8BCBAB895684275CA0B411CBCFD466AF4BA0A,A6FD0E30B9589F3467327A874AC8BCBAB895684275CA0B411CBCFD466AF4BA0A,True
Canterbury,asyoulik.txt,Shakespeare text,ZIP Optimal,2,1,125179,125179,49013,-76166,-60.845669,2.553996,138.5179,A6FD0E30B9589F3467327A874AC8BCBAB895684275CA0B411CBCFD466AF4BA0A,A6FD0E30B9589F3467327A874AC8BCBAB895684275CA0B411CBCFD466AF4BA0A,True
Canterbury,asyoulik.txt,Shakespeare text,NTFS compact,2,1,125179,125179,86016,-39163,-31.285599,1.455299,47.1676,A6FD0E30B9589F3467327A874AC8BCBAB895684275CA0B411CBCFD466AF4BA0A,A6FD0E30B9589F3467327A874AC8BCBAB895684275CA0B411CBCFD466AF4BA0A,True
Canterbury,asyoulik.txt,Shakespeare text,ZIP Optimal,3,1,125179,125179,49013,-76166,-60.845669,2.553996,113.2198,A6FD0E30B9589F3467327A874AC8BCBAB895684275CA0B411CBCFD466AF4BA0A,A6FD0E30B9589F3467327A874AC8BCBAB895684275CA0B411CBCFD466AF4BA0A,True
Canterbury,asyoulik.txt,Shakespeare text,NTFS compact,3,1,125179,125179,86016,-39163,-31.285599,1.455299,46.0073,A6FD0E30B9589F3467327A874AC8BCBAB895684275CA0B411CBCFD466AF4BA0A,A6FD0E30B9589F3467327A874AC8BCBAB895684275CA0B411CBCFD466AF4BA0A,True
Canterbury,cp.html,HTML source,ZIP Optimal,1,1,24603,24603,8067,-16536,-67.211316,3.049833,112.5179,633EA31FC6D554A485AA53B16CAB314A57C2474341B8E79AF800ABEFCC3B2EE9,633EA31FC6D554A485AA53B16CAB314A57C2474341B8E79AF800ABEFCC3B2EE9,True
Canterbury,cp.html,HTML source,NTFS compact,1,1,24603,24603,16384,-8219,-33.406495,1.501648,41.2207,633EA31FC6D554A485AA53B16CAB314A57C2474341B8E79AF800ABEFCC3B2EE9,633EA31FC6D554A485AA53B16CAB314A57C2474341B8E79AF800ABEFCC3B2EE9,True
Canterbury,cp.html,HTML source,ZIP Optimal,2,1,24603,24603,8067,-16536,-67.211316,3.049833,134.9824,633EA31FC6D554A485AA53B16CAB314A57C2474341B8E79AF800ABEFCC3B2EE9,633EA31FC6D554A485AA53B16CAB314A57C2474341B8E79AF800ABEFCC3B2EE9,True
Canterbury,cp.html,HTML source,NTFS compact,2,1,24603,24603,16384,-8219,-33.406495,1.501648,42.9246,633EA31FC6D554A485AA53B16CAB314A57C2474341B8E79AF800ABEFCC3B2EE9,633EA31FC6D554A485AA53B16CAB314A57C2474341B8E79AF800ABEFCC3B2EE9,True
Canterbury,cp.html,HTML source,ZIP Optimal,3,1,24603,24603,8067,-16536,-67.211316,3.049833,128.6241,633EA31FC6D554A485AA53B16CAB314A57C2474341B8E79AF800ABEFCC3B2EE9,633EA31FC6D554A485AA53B16CAB314A57C2474341B8E79AF800ABEFCC3B2EE9,True
Canterbury,cp.html,HTML source,NTFS compact,3,1,24603,24603,16384,-8219,-33.406495,1.501648,36.087,633EA31FC6D554A485AA53B16CAB314A57C2474341B8E79AF800ABEFCC3B2EE9,633EA31FC6D554A485AA53B16CAB314A57C2474341B8E79AF800ABEFCC3B2EE9,True
Canterbury,fields.c,C source,ZIP Optimal,1,1,11150,11150,3230,-7920,-71.03139,3.452012,68.659,2F39C10EEEF44380561AD530A15E25B34CC2CACECE7AA9D03B1B12DE529ED219,2F39C10EEEF44380561AD530A15E25B34CC2CACECE7AA9D03B1B12DE529ED219,True
Canterbury,fields.c,C source,NTFS compact,1,1,11150,11150,8192,-2958,-26.529148,1.361084,100.0651,2F39C10EEEF44380561AD530A15E25B34CC2CACECE7AA9D03B1B12DE529ED219,2F39C10EEEF44380561AD530A15E25B34CC2CACECE7AA9D03B1B12DE529ED219,True
Canterbury,fields.c,C source,ZIP Optimal,2,1,11150,11150,3230,-7920,-71.03139,3.452012,73.5993,2F39C10EEEF44380561AD530A15E25B34CC2CACECE7AA9D03B1B12DE529ED219,2F39C10EEEF44380561AD530A15E25B34CC2CACECE7AA9D03B1B12DE529ED219,True
Canterbury,fields.c,C source,NTFS compact,2,1,11150,11150,8192,-2958,-26.529148,1.361084,53.267,2F39C10EEEF44380561AD530A15E25B34CC2CACECE7AA9D03B1B12DE529ED219,2F39C10EEEF44380561AD530A15E25B34CC2CACECE7AA9D03B1B12DE529ED219,True
Canterbury,fields.c,C source,ZIP Optimal,3,1,11150,11150,3230,-7920,-71.03139,3.452012,66.3516,2F39C10EEEF44380561AD530A15E25B34CC2CACECE7AA9D03B1B12DE529ED219,2F39C10EEEF44380561AD530A15E25B34CC2CACECE7AA9D03B1B12DE529ED219,True
Canterbury,fields.c,C source,NTFS compact,3,1,11150,11150,8192,-2958,-26.529148,1.361084,83.7533,2F39C10EEEF44380561AD530A15E25B34CC2CACECE7AA9D03B1B12DE529ED219,2F39C10EEEF44380561AD530A15E25B34CC2CACECE7AA9D03B1B12DE529ED219,True
Canterbury,grammar.lsp,LISP source,ZIP Optimal,1,1,3721,3721,1336,-2385,-64.095673,2.78518,71.5861,0F20260CB4429BD4CB44C05D57EB5552A2FDF8F07895831B0E9476500DE29BA6,0F20260CB4429BD4CB44C05D57EB5552A2FDF8F07895831B0E9476500DE29BA6,True
Canterbury,grammar.lsp,LISP source,NTFS compact,1,1,3721,3721,3721,0,0,1,39.5647,0F20260CB4429BD4CB44C05D57EB5552A2FDF8F07895831B0E9476500DE29BA6,0F20260CB4429BD4CB44C05D57EB5552A2FDF8F07895831B0E9476500DE29BA6,True
Canterbury,grammar.lsp,LISP source,ZIP Optimal,2,1,3721,3721,1336,-2385,-64.095673,2.78518,42.8439,0F20260CB4429BD4CB44C05D57EB5552A2FDF8F07895831B0E9476500DE29BA6,0F20260CB4429BD4CB44C05D57EB5552A2FDF8F07895831B0E9476500DE29BA6,True
Canterbury,grammar.lsp,LISP source,NTFS compact,2,1,3721,3721,3721,0,0,1,87.5679,0F20260CB4429BD4CB44C05D57EB5552A2FDF8F07895831B0E9476500DE29BA6,0F20260CB4429BD4CB44C05D57EB5552A2FDF8F07895831B0E9476500DE29BA6,True
Canterbury,grammar.lsp,LISP source,ZIP Optimal,3,1,3721,3721,1336,-2385,-64.095673,2.78518,65.135,0F20260CB4429BD4CB44C05D57EB5552A2FDF8F07895831B0E9476500DE29BA6,0F20260CB4429BD4CB44C05D57EB5552A2FDF8F07895831B0E9476500DE29BA6,True
Canterbury,grammar.lsp,LISP source,NTFS compact,3,1,3721,3721,3721,0,0,1,41.2426,0F20260CB4429BD4CB44C05D57EB5552A2FDF8F07895831B0E9476500DE29BA6,0F20260CB4429BD4CB44C05D57EB5552A2FDF8F07895831B0E9476500DE29BA6,True
Canterbury,kennedy.xls,Excel spreadsheet,ZIP Optimal,1,1,1029744,1029744,204106,-825638,-80.178957,5.045143,237.507,AB31914C846EEDD2AC4CFC6F3BF85556FEBD5A88D3D28E793F10285FAC465239,AB31914C846EEDD2AC4CFC6F3BF85556FEBD5A88D3D28E793F10285FAC465239,True
Canterbury,kennedy.xls,Excel spreadsheet,NTFS compact,1,1,1029744,1029744,385024,-644720,-62.609736,2.674493,104.7309,AB31914C846EEDD2AC4CFC6F3BF85556FEBD5A88D3D28E793F10285FAC465239,AB31914C846EEDD2AC4CFC6F3BF85556FEBD5A88D3D28E793F10285FAC465239,True
Canterbury,kennedy.xls,Excel spreadsheet,ZIP Optimal,2,1,1029744,1029744,204106,-825638,-80.178957,5.045143,214.8975,AB31914C846EEDD2AC4CFC6F3BF85556FEBD5A88D3D28E793F10285FAC465239,AB31914C846EEDD2AC4CFC6F3BF85556FEBD5A88D3D28E793F10285FAC465239,True
Canterbury,kennedy.xls,Excel spreadsheet,NTFS compact,2,1,1029744,1029744,385024,-644720,-62.609736,2.674493,48.2383,AB31914C846EEDD2AC4CFC6F3BF85556FEBD5A88D3D28E793F10285FAC465239,AB31914C846EEDD2AC4CFC6F3BF85556FEBD5A88D3D28E793F10285FAC465239,True
Canterbury,kennedy.xls,Excel spreadsheet,ZIP Optimal,3,1,1029744,1029744,204106,-825638,-80.178957,5.045143,197.4553,AB31914C846EEDD2AC4CFC6F3BF85556FEBD5A88D3D28E793F10285FAC465239,AB31914C846EEDD2AC4CFC6F3BF85556FEBD5A88D3D28E793F10285FAC465239,True
Canterbury,kennedy.xls,Excel spreadsheet,NTFS compact,3,1,1029744,1029744,385024,-644720,-62.609736,2.674493,102.0859,AB31914C846EEDD2AC4CFC6F3BF85556FEBD5A88D3D28E793F10285FAC465239,AB31914C846EEDD2AC4CFC6F3BF85556FEBD5A88D3D28E793F10285FAC465239,True
Canterbury,lcet10.txt,Technical text,ZIP Optimal,1,1,426754,426754,145016,-281738,-66.018831,2.942806,186.6359,D3AD9E8CBEEEADDA6EE2F4248DB93ECC4C017AFCBE11BECE8884A655E572422C,D3AD9E8CBEEEADDA6EE2F4248DB93ECC4C017AFCBE11BECE8884A655E572422C,True
Canterbury,lcet10.txt,Technical text,NTFS compact,1,1,426754,426754,290816,-135938,-31.853949,1.467436,54.0236,D3AD9E8CBEEEADDA6EE2F4248DB93ECC4C017AFCBE11BECE8884A655E572422C,D3AD9E8CBEEEADDA6EE2F4248DB93ECC4C017AFCBE11BECE8884A655E572422C,True
Canterbury,lcet10.txt,Technical text,ZIP Optimal,2,1,426754,426754,145016,-281738,-66.018831,2.942806,197.4314,D3AD9E8CBEEEADDA6EE2F4248DB93ECC4C017AFCBE11BECE8884A655E572422C,D3AD9E8CBEEEADDA6EE2F4248DB93ECC4C017AFCBE11BECE8884A655E572422C,True
Canterbury,lcet10.txt,Technical text,NTFS compact,2,1,426754,426754,290816,-135938,-31.853949,1.467436,100.0901,D3AD9E8CBEEEADDA6EE2F4248DB93ECC4C017AFCBE11BECE8884A655E572422C,D3AD9E8CBEEEADDA6EE2F4248DB93ECC4C017AFCBE11BECE8884A655E572422C,True
Canterbury,lcet10.txt,Technical text,ZIP Optimal,3,1,426754,426754,145016,-281738,-66.018831,2.942806,202.2905,D3AD9E8CBEEEADDA6EE2F4248DB93ECC4C017AFCBE11BECE8884A655E572422C,D3AD9E8CBEEEADDA6EE2F4248DB93ECC4C017AFCBE11BECE8884A655E572422C,True
Canterbury,lcet10.txt,Technical text,NTFS compact,3,1,426754,426754,290816,-135938,-31.853949,1.467436,98.2617,D3AD9E8CBEEEADDA6EE2F4248DB93ECC4C017AFCBE11BECE8884A655E572422C,D3AD9E8CBEEEADDA6EE2F4248DB93ECC4C017AFCBE11BECE8884A655E572422C,True
Canterbury,plrabn12.txt,Poetry,ZIP Optimal,1,1,481861,481861,195377,-286484,-59.45366,2.466314,357.3854,5750B4007D677ABDFCF9CD4F30FD1CF538EBBF8B61B5BAF4884A7F692EC5501C,5750B4007D677ABDFCF9CD4F30FD1CF538EBBF8B61B5BAF4884A7F692EC5501C,True
Canterbury,plrabn12.txt,Poetry,NTFS compact,1,1,481861,481861,364544,-117317,-24.346648,1.321818,58.9401,5750B4007D677ABDFCF9CD4F30FD1CF538EBBF8B61B5BAF4884A7F692EC5501C,5750B4007D677ABDFCF9CD4F30FD1CF538EBBF8B61B5BAF4884A7F692EC5501C,True
Canterbury,plrabn12.txt,Poetry,ZIP Optimal,2,1,481861,481861,195377,-286484,-59.45366,2.466314,352.6044,5750B4007D677ABDFCF9CD4F30FD1CF538EBBF8B61B5BAF4884A7F692EC5501C,5750B4007D677ABDFCF9CD4F30FD1CF538EBBF8B61B5BAF4884A7F692EC5501C,True
Canterbury,plrabn12.txt,Poetry,NTFS compact,2,1,481861,481861,364544,-117317,-24.346648,1.321818,70.0878,5750B4007D677ABDFCF9CD4F30FD1CF538EBBF8B61B5BAF4884A7F692EC5501C,5750B4007D677ABDFCF9CD4F30FD1CF538EBBF8B61B5BAF4884A7F692EC5501C,True
Canterbury,plrabn12.txt,Poetry,ZIP Optimal,3,1,481861,481861,195377,-286484,-59.45366,2.466314,305.4187,5750B4007D677ABDFCF9CD4F30FD1CF538EBBF8B61B5BAF4884A7F692EC5501C,5750B4007D677ABDFCF9CD4F30FD1CF538EBBF8B61B5BAF4884A7F692EC5501C,True
Canterbury,plrabn12.txt,Poetry,NTFS compact,3,1,481861,481861,364544,-117317,-24.346648,1.321818,59.9915,5750B4007D677ABDFCF9CD4F30FD1CF538EBBF8B61B5BAF4884A7F692EC5501C,5750B4007D677ABDFCF9CD4F30FD1CF538EBBF8B61B5BAF4884A7F692EC5501C,True
Canterbury,ptt5,CCITT fax test data,ZIP Optimal,1,1,513216,513216,56565,-456651,-88.978325,9.073031,119.3992,B3142C438E54555344C8C8B4627AD3E7E205E9524710366D989E7A26973E86E7,B3142C438E54555344C8C8B4627AD3E7E205E9524710366D989E7A26973E86E7,True
Canterbury,ptt5,CCITT fax test data,NTFS compact,1,1,513216,513216,122880,-390336,-76.056865,4.176562,49.1858,B3142C438E54555344C8C8B4627AD3E7E205E9524710366D989E7A26973E86E7,B3142C438E54555344C8C8B4627AD3E7E205E9524710366D989E7A26973E86E7,True
Canterbury,ptt5,CCITT fax test data,ZIP Optimal,2,1,513216,513216,56565,-456651,-88.978325,9.073031,87.3002,B3142C438E54555344C8C8B4627AD3E7E205E9524710366D989E7A26973E86E7,B3142C438E54555344C8C8B4627AD3E7E205E9524710366D989E7A26973E86E7,True
Canterbury,ptt5,CCITT fax test data,NTFS compact,2,1,513216,513216,122880,-390336,-76.056865,4.176562,32.0874,B3142C438E54555344C8C8B4627AD3E7E205E9524710366D989E7A26973E86E7,B3142C438E54555344C8C8B4627AD3E7E205E9524710366D989E7A26973E86E7,True
Canterbury,ptt5,CCITT fax test data,ZIP Optimal,3,1,513216,513216,56565,-456651,-88.978325,9.073031,112.2231,B3142C438E54555344C8C8B4627AD3E7E205E9524710366D989E7A26973E86E7,B3142C438E54555344C8C8B4627AD3E7E205E9524710366D989E7A26973E86E7,True
Canterbury,ptt5,CCITT fax test data,NTFS compact,3,1,513216,513216,122880,-390336,-76.056865,4.176562,43.5011,B3142C438E54555344C8C8B4627AD3E7E205E9524710366D989E7A26973E86E7,B3142C438E54555344C8C8B4627AD3E7E205E9524710366D989E7A26973E86E7,True
Canterbury,sum,SPARC executable,ZIP Optimal,1,1,38240,38240,13088,-25152,-65.774059,2.92176,72.5052,9D4D5AF6DD7E85F924DF1A0804FA0E9C88FFC6BEC300A2606F4CB6BE76FCB020,9D4D5AF6DD7E85F924DF1A0804FA0E9C88FFC6BEC300A2606F4CB6BE76FCB020,True
Canterbury,sum,SPARC executable,NTFS compact,1,1,38240,38240,24576,-13664,-35.732218,1.55599,43.9559,9D4D5AF6DD7E85F924DF1A0804FA0E9C88FFC6BEC300A2606F4CB6BE76FCB020,9D4D5AF6DD7E85F924DF1A0804FA0E9C88FFC6BEC300A2606F4CB6BE76FCB020,True
Canterbury,sum,SPARC executable,ZIP Optimal,2,1,38240,38240,13088,-25152,-65.774059,2.92176,78.1904,9D4D5AF6DD7E85F924DF1A0804FA0E9C88FFC6BEC300A2606F4CB6BE76FCB020,9D4D5AF6DD7E85F924DF1A0804FA0E9C88FFC6BEC300A2606F4CB6BE76FCB020,True
Canterbury,sum,SPARC executable,NTFS compact,2,1,38240,38240,24576,-13664,-35.732218,1.55599,85.9973,9D4D5AF6DD7E85F924DF1A0804FA0E9C88FFC6BEC300A2606F4CB6BE76FCB020,9D4D5AF6DD7E85F924DF1A0804FA0E9C88FFC6BEC300A2606F4CB6BE76FCB020,True
Canterbury,sum,SPARC executable,ZIP Optimal,3,1,38240,38240,13088,-25152,-65.774059,2.92176,68.3619,9D4D5AF6DD7E85F924DF1A0804FA0E9C88FFC6BEC300A2606F4CB6BE76FCB020,9D4D5AF6DD7E85F924DF1A0804FA0E9C88FFC6BEC300A2606F4CB6BE76FCB020,True
Canterbury,sum,SPARC executable,NTFS compact,3,1,38240,38240,24576,-13664,-35.732218,1.55599,47.673,9D4D5AF6DD7E85F924DF1A0804FA0E9C88FFC6BEC300A2606F4CB6BE76FCB020,9D4D5AF6DD7E85F924DF1A0804FA0E9C88FFC6BEC300A2606F4CB6BE76FCB020,True
Canterbury,xargs.1,GNU manual page,ZIP Optimal,1,1,4227,4227,1842,-2385,-56.422995,2.294788,65.7369,07804F11358580C02526646580D794C2732ADF7402C3784AD85F5BA91C12C545,07804F11358580C02526646580D794C2732ADF7402C3784AD85F5BA91C12C545,True
Canterbury,xargs.1,GNU manual page,NTFS compact,1,1,4227,4227,4096,-131,-3.099125,1.031982,50.6966,07804F11358580C02526646580D794C2732ADF7402C3784AD85F5BA91C12C545,07804F11358580C02526646580D794C2732ADF7402C3784AD85F5BA91C12C545,True
Canterbury,xargs.1,GNU manual page,ZIP Optimal,2,1,4227,4227,1842,-2385,-56.422995,2.294788,97.8754,07804F11358580C02526646580D794C2732ADF7402C3784AD85F5BA91C12C545,07804F11358580C02526646580D794C2732ADF7402C3784AD85F5BA91C12C545,True
Canterbury,xargs.1,GNU manual page,NTFS compact,2,1,4227,4227,4096,-131,-3.099125,1.031982,106.3651,07804F11358580C02526646580D794C2732ADF7402C3784AD85F5BA91C12C545,07804F11358580C02526646580D794C2732ADF7402C3784AD85F5BA91C12C545,True
Canterbury,xargs.1,GNU manual page,ZIP Optimal,3,1,4227,4227,1842,-2385,-56.422995,2.294788,55.3549,07804F11358580C02526646580D794C2732ADF7402C3784AD85F5BA91C12C545,07804F11358580C02526646580D794C2732ADF7402C3784AD85F5BA91C12C545,True
Canterbury,xargs.1,GNU manual page,NTFS compact,3,1,4227,4227,4096,-131,-3.099125,1.031982,152.0591,07804F11358580C02526646580D794C2732ADF7402C3784AD85F5BA91C12C545,07804F11358580C02526646580D794C2732ADF7402C3784AD85F5BA91C12C545,True
Canterbury-Large,bible.txt,English text,ZIP Optimal,1,1,4047392,4047392,1191995,-2855397,-70.54906,3.395477,1172.4086,E46252A63FF7FD60DC2B79C28DE5BEA826A962ECDE79772BE867565AA0D56480,E46252A63FF7FD60DC2B79C28DE5BEA826A962ECDE79772BE867565AA0D56480,True
Canterbury-Large,bible.txt,English text,NTFS compact,1,1,4047392,4047392,2400256,-1647136,-40.696231,1.686233,122.1816,E46252A63FF7FD60DC2B79C28DE5BEA826A962ECDE79772BE867565AA0D56480,E46252A63FF7FD60DC2B79C28DE5BEA826A962ECDE79772BE867565AA0D56480,True
Canterbury-Large,bible.txt,English text,ZIP Optimal,2,1,4047392,4047392,1191995,-2855397,-70.54906,3.395477,1188.8772,E46252A63FF7FD60DC2B79C28DE5BEA826A962ECDE79772BE867565AA0D56480,E46252A63FF7FD60DC2B79C28DE5BEA826A962ECDE79772BE867565AA0D56480,True
Canterbury-Large,bible.txt,English text,NTFS compact,2,1,4047392,4047392,2400256,-1647136,-40.696231,1.686233,143.6856,E46252A63FF7FD60DC2B79C28DE5BEA826A962ECDE79772BE867565AA0D56480,E46252A63FF7FD60DC2B79C28DE5BEA826A962ECDE79772BE867565AA0D56480,True
Canterbury-Large,bible.txt,English text,ZIP Optimal,3,1,4047392,4047392,1191995,-2855397,-70.54906,3.395477,1228.1813,E46252A63FF7FD60DC2B79C28DE5BEA826A962ECDE79772BE867565AA0D56480,E46252A63FF7FD60DC2B79C28DE5BEA826A962ECDE79772BE867565AA0D56480,True
Canterbury-Large,bible.txt,English text,NTFS compact,3,1,4047392,4047392,2400256,-1647136,-40.696231,1.686233,96.6832,E46252A63FF7FD60DC2B79C28DE5BEA826A962ECDE79772BE867565AA0D56480,E46252A63FF7FD60DC2B79C28DE5BEA826A962ECDE79772BE867565AA0D56480,True
Canterbury-Large,E.coli,Genome sequence,ZIP Optimal,1,1,4638690,4638690,1342094,-3296596,-71.067392,3.456308,3306.0381,AF9ECE190E2F17DAA847401744F8F99DEA0DF6F6B24BFC2046B472158E0D8E9B,AF9ECE190E2F17DAA847401744F8F99DEA0DF6F6B24BFC2046B472158E0D8E9B,True
Canterbury-Large,E.coli,Genome sequence,NTFS compact,1,1,4638690,4638690,2899968,-1738722,-37.483039,1.599566,110.0908,AF9ECE190E2F17DAA847401744F8F99DEA0DF6F6B24BFC2046B472158E0D8E9B,AF9ECE190E2F17DAA847401744F8F99DEA0DF6F6B24BFC2046B472158E0D8E9B,True
Canterbury-Large,E.coli,Genome sequence,ZIP Optimal,2,1,4638690,4638690,1342094,-3296596,-71.067392,3.456308,3412.5194,AF9ECE190E2F17DAA847401744F8F99DEA0DF6F6B24BFC2046B472158E0D8E9B,AF9ECE190E2F17DAA847401744F8F99DEA0DF6F6B24BFC2046B472158E0D8E9B,True
Canterbury-Large,E.coli,Genome sequence,NTFS compact,2,1,4638690,4638690,2899968,-1738722,-37.483039,1.599566,87.7883,AF9ECE190E2F17DAA847401744F8F99DEA0DF6F6B24BFC2046B472158E0D8E9B,AF9ECE190E2F17DAA847401744F8F99DEA0DF6F6B24BFC2046B472158E0D8E9B,True
Canterbury-Large,E.coli,Genome sequence,ZIP Optimal,3,1,4638690,4638690,1342094,-3296596,-71.067392,3.456308,3504.2841,AF9ECE190E2F17DAA847401744F8F99DEA0DF6F6B24BFC2046B472158E0D8E9B,AF9ECE190E2F17DAA847401744F8F99DEA0DF6F6B24BFC2046B472158E0D8E9B,True
Canterbury-Large,E.coli,Genome sequence,NTFS compact,3,1,4638690,4638690,2899968,-1738722,-37.483039,1.599566,91.8431,AF9ECE190E2F17DAA847401744F8F99DEA0DF6F6B24BFC2046B472158E0D8E9B,AF9ECE190E2F17DAA847401744F8F99DEA0DF6F6B24BFC2046B472158E0D8E9B,True
Canterbury-Large,world192.txt,English reference text,ZIP Optimal,1,1,2473400,2473400,725086,-1748314,-70.684645,3.411182,500.2718,DA7C00F64282B34BE39C317F059D8EC7313AA6F489CDC3A5B65AD80DB25EAAFE,DA7C00F64282B34BE39C317F059D8EC7313AA6F489CDC3A5B65AD80DB25EAAFE,True
Canterbury-Large,world192.txt,English reference text,NTFS compact,1,1,2473400,2473400,1679360,-794040,-32.103178,1.472823,77.9816,DA7C00F64282B34BE39C317F059D8EC7313AA6F489CDC3A5B65AD80DB25EAAFE,DA7C00F64282B34BE39C317F059D8EC7313AA6F489CDC3A5B65AD80DB25EAAFE,True
Canterbury-Large,world192.txt,English reference text,ZIP Optimal,2,1,2473400,2473400,725086,-1748314,-70.684645,3.411182,488.8172,DA7C00F64282B34BE39C317F059D8EC7313AA6F489CDC3A5B65AD80DB25EAAFE,DA7C00F64282B34BE39C317F059D8EC7313AA6F489CDC3A5B65AD80DB25EAAFE,True
Canterbury-Large,world192.txt,English reference text,NTFS compact,2,1,2473400,2473400,1679360,-794040,-32.103178,1.472823,75.5516,DA7C00F64282B34BE39C317F059D8EC7313AA6F489CDC3A5B65AD80DB25EAAFE,DA7C00F64282B34BE39C317F059D8EC7313AA6F489CDC3A5B65AD80DB25EAAFE,True
Canterbury-Large,world192.txt,English reference text,ZIP Optimal,3,1,2473400,2473400,725086,-1748314,-70.684645,3.411182,514.8382,DA7C00F64282B34BE39C317F059D8EC7313AA6F489CDC3A5B65AD80DB25EAAFE,DA7C00F64282B34BE39C317F059D8EC7313AA6F489CDC3A5B65AD80DB25EAAFE,True
Canterbury-Large,world192.txt,English reference text,NTFS compact,3,1,2473400,2473400,1679360,-794040,-32.103178,1.472823,81.3733,DA7C00F64282B34BE39C317F059D8EC7313AA6F489CDC3A5B65AD80DB25EAAFE,DA7C00F64282B34BE39C317F059D8EC7313AA6F489CDC3A5B65AD80DB25EAAFE,True
Silesia,dickens,English prose,ZIP Optimal,1,1,10192446,10192446,3871740,-6320706,-62.013632,2.632523,3503.1801,8D5943090E46E5E82823C776BA00AEAEFE8D642495865B4AEA696F42ED298314,8D5943090E46E5E82823C776BA00AEAEFE8D642495865B4AEA696F42ED298314,True
Silesia,dickens,English prose,NTFS compact,1,1,10192446,10192446,7147520,-3044926,-29.87434,1.426012,238.2657,8D5943090E46E5E82823C776BA00AEAEFE8D642495865B4AEA696F42ED298314,8D5943090E46E5E82823C776BA00AEAEFE8D642495865B4AEA696F42ED298314,True
Silesia,dickens,English prose,ZIP Optimal,2,1,10192446,10192446,3871740,-6320706,-62.013632,2.632523,3449.2362,8D5943090E46E5E82823C776BA00AEAEFE8D642495865B4AEA696F42ED298314,8D5943090E46E5E82823C776BA00AEAEFE8D642495865B4AEA696F42ED298314,True
Silesia,dickens,English prose,NTFS compact,2,1,10192446,10192446,7147520,-3044926,-29.87434,1.426012,178.3886,8D5943090E46E5E82823C776BA00AEAEFE8D642495865B4AEA696F42ED298314,8D5943090E46E5E82823C776BA00AEAEFE8D642495865B4AEA696F42ED298314,True
Silesia,dickens,English prose,ZIP Optimal,3,1,10192446,10192446,3871740,-6320706,-62.013632,2.632523,3067.0616,8D5943090E46E5E82823C776BA00AEAEFE8D642495865B4AEA696F42ED298314,8D5943090E46E5E82823C776BA00AEAEFE8D642495865B4AEA696F42ED298314,True
Silesia,dickens,English prose,NTFS compact,3,1,10192446,10192446,7147520,-3044926,-29.87434,1.426012,180.7459,8D5943090E46E5E82823C776BA00AEAEFE8D642495865B4AEA696F42ED298314,8D5943090E46E5E82823C776BA00AEAEFE8D642495865B4AEA696F42ED298314,True
Silesia,mozilla,Software project tar archive,ZIP Optimal,1,1,51220480,51220480,19089230,-32131250,-62.731255,2.683214,9698.1429,D531C22101D344C2144603E58FAD72E1640711430A6A9FAB2D96AF7B66C80439,D531C22101D344C2144603E58FAD72E1640711430A6A9FAB2D96AF7B66C80439,True
Silesia,mozilla,Software project tar archive,NTFS compact,1,1,51220480,51220480,28700672,-22519808,-43.966413,1.784644,618.7793,D531C22101D344C2144603E58FAD72E1640711430A6A9FAB2D96AF7B66C80439,D531C22101D344C2144603E58FAD72E1640711430A6A9FAB2D96AF7B66C80439,True
Silesia,mozilla,Software project tar archive,ZIP Optimal,2,1,51220480,51220480,19089230,-32131250,-62.731255,2.683214,9873.1649,D531C22101D344C2144603E58FAD72E1640711430A6A9FAB2D96AF7B66C80439,D531C22101D344C2144603E58FAD72E1640711430A6A9FAB2D96AF7B66C80439,True
Silesia,mozilla,Software project tar archive,NTFS compact,2,1,51220480,51220480,28700672,-22519808,-43.966413,1.784644,599.1219,D531C22101D344C2144603E58FAD72E1640711430A6A9FAB2D96AF7B66C80439,D531C22101D344C2144603E58FAD72E1640711430A6A9FAB2D96AF7B66C80439,True
Silesia,mozilla,Software project tar archive,ZIP Optimal,3,1,51220480,51220480,19089230,-32131250,-62.731255,2.683214,9907.0637,D531C22101D344C2144603E58FAD72E1640711430A6A9FAB2D96AF7B66C80439,D531C22101D344C2144603E58FAD72E1640711430A6A9FAB2D96AF7B66C80439,True
Silesia,mozilla,Software project tar archive,NTFS compact,3,1,51220480,51220480,28700672,-22519808,-43.966413,1.784644,597.7629,D531C22101D344C2144603E58FAD72E1640711430A6A9FAB2D96AF7B66C80439,D531C22101D344C2144603E58FAD72E1640711430A6A9FAB2D96AF7B66C80439,True
Silesia,mr,DICOM MRI image,ZIP Optimal,1,1,9970564,9970564,3676037,-6294527,-63.131103,2.712313,2601.4798,A86168A8E6661801F563A5D362F420B4B464AC3CAAD20C309650A37A55FF8BA5,A86168A8E6661801F563A5D362F420B4B464AC3CAAD20C309650A37A55FF8BA5,True
Silesia,mr,DICOM MRI image,NTFS compact,1,1,9970564,9970564,5951488,-4019076,-40.309415,1.675306,190.2779,A86168A8E6661801F563A5D362F420B4B464AC3CAAD20C309650A37A55FF8BA5,A86168A8E6661801F563A5D362F420B4B464AC3CAAD20C309650A37A55FF8BA5,True
Silesia,mr,DICOM MRI image,ZIP Optimal,2,1,9970564,9970564,3676037,-6294527,-63.131103,2.712313,2681.8887,A86168A8E6661801F563A5D362F420B4B464AC3CAAD20C309650A37A55FF8BA5,A86168A8E6661801F563A5D362F420B4B464AC3CAAD20C309650A37A55FF8BA5,True
Silesia,mr,DICOM MRI image,NTFS compact,2,1,9970564,9970564,5951488,-4019076,-40.309415,1.675306,194.9234,A86168A8E6661801F563A5D362F420B4B464AC3CAAD20C309650A37A55FF8BA5,A86168A8E6661801F563A5D362F420B4B464AC3CAAD20C309650A37A55FF8BA5,True
Silesia,mr,DICOM MRI image,ZIP Optimal,3,1,9970564,9970564,3676037,-6294527,-63.131103,2.712313,2741.5313,A86168A8E6661801F563A5D362F420B4B464AC3CAAD20C309650A37A55FF8BA5,A86168A8E6661801F563A5D362F420B4B464AC3CAAD20C309650A37A55FF8BA5,True
Silesia,mr,DICOM MRI image,NTFS compact,3,1,9970564,9970564,5951488,-4019076,-40.309415,1.675306,163.7817,A86168A8E6661801F563A5D362F420B4B464AC3CAAD20C309650A37A55FF8BA5,A86168A8E6661801F563A5D362F420B4B464AC3CAAD20C309650A37A55FF8BA5,True
Silesia,nci,Chemical database text,ZIP Optimal,1,1,33553445,33553445,3200286,-30353159,-90.462124,10.484515,2521.8704,3CB664FAD8268ADB2FCBDD566B3AAE054A93737AD5BB3D5225E309C43F39994A,3CB664FAD8268ADB2FCBDD566B3AAE054A93737AD5BB3D5225E309C43F39994A,True
Silesia,nci,Chemical database text,NTFS compact,1,1,33553445,33553445,10440704,-23112741,-68.883362,3.213715,306.11,3CB664FAD8268ADB2FCBDD566B3AAE054A93737AD5BB3D5225E309C43F39994A,3CB664FAD8268ADB2FCBDD566B3AAE054A93737AD5BB3D5225E309C43F39994A,True
Silesia,nci,Chemical database text,ZIP Optimal,2,1,33553445,33553445,3200286,-30353159,-90.462124,10.484515,2557.5301,3CB664FAD8268ADB2FCBDD566B3AAE054A93737AD5BB3D5225E309C43F39994A,3CB664FAD8268ADB2FCBDD566B3AAE054A93737AD5BB3D5225E309C43F39994A,True
Silesia,nci,Chemical database text,NTFS compact,2,1,33553445,33553445,10440704,-23112741,-68.883362,3.213715,287.9867,3CB664FAD8268ADB2FCBDD566B3AAE054A93737AD5BB3D5225E309C43F39994A,3CB664FAD8268ADB2FCBDD566B3AAE054A93737AD5BB3D5225E309C43F39994A,True
Silesia,nci,Chemical database text,ZIP Optimal,3,1,33553445,33553445,3200286,-30353159,-90.462124,10.484515,2625.144,3CB664FAD8268ADB2FCBDD566B3AAE054A93737AD5BB3D5225E309C43F39994A,3CB664FAD8268ADB2FCBDD566B3AAE054A93737AD5BB3D5225E309C43F39994A,True
Silesia,nci,Chemical database text,NTFS compact,3,1,33553445,33553445,10440704,-23112741,-68.883362,3.213715,336.4966,3CB664FAD8268ADB2FCBDD566B3AAE054A93737AD5BB3D5225E309C43F39994A,3CB664FAD8268ADB2FCBDD566B3AAE054A93737AD5BB3D5225E309C43F39994A,True
Silesia,ooffice,Windows DLL,ZIP Optimal,1,1,6152192,6152192,3097400,-3054792,-49.653717,1.986244,1734.5788,099604FC4150B93AF67374465BE81880194D632833EB9C120920B2F3EC1276B1,099604FC4150B93AF67374465BE81880194D632833EB9C120920B2F3EC1276B1,True
Silesia,ooffice,Windows DLL,NTFS compact,1,1,6152192,6152192,4542464,-1609728,-26.165113,1.354373,148.0534,099604FC4150B93AF67374465BE81880194D632833EB9C120920B2F3EC1276B1,099604FC4150B93AF67374465BE81880194D632833EB9C120920B2F3EC1276B1,True
Silesia,ooffice,Windows DLL,ZIP Optimal,2,1,6152192,6152192,3097400,-3054792,-49.653717,1.986244,1626.0774,099604FC4150B93AF67374465BE81880194D632833EB9C120920B2F3EC1276B1,099604FC4150B93AF67374465BE81880194D632833EB9C120920B2F3EC1276B1,True
Silesia,ooffice,Windows DLL,NTFS compact,2,1,6152192,6152192,4542464,-1609728,-26.165113,1.354373,160.2089,099604FC4150B93AF67374465BE81880194D632833EB9C120920B2F3EC1276B1,099604FC4150B93AF67374465BE81880194D632833EB9C120920B2F3EC1276B1,True
Silesia,ooffice,Windows DLL,ZIP Optimal,3,1,6152192,6152192,3097400,-3054792,-49.653717,1.986244,1805.5405,099604FC4150B93AF67374465BE81880194D632833EB9C120920B2F3EC1276B1,099604FC4150B93AF67374465BE81880194D632833EB9C120920B2F3EC1276B1,True
Silesia,ooffice,Windows DLL,NTFS compact,3,1,6152192,6152192,4542464,-1609728,-26.165113,1.354373,181.3053,099604FC4150B93AF67374465BE81880194D632833EB9C120920B2F3EC1276B1,099604FC4150B93AF67374465BE81880194D632833EB9C120920B2F3EC1276B1,True
Silesia,osdb,Synthetic binary database,ZIP Optimal,1,1,10085684,10085684,3695270,-6390414,-63.361236,2.72935,1561.4631,65713B47EDFFC14BB50976619218343C172794C199D0CE6B74DB851DE42F2959,65713B47EDFFC14BB50976619218343C172794C199D0CE6B74DB851DE42F2959,True
Silesia,osdb,Synthetic binary database,NTFS compact,1,1,10085684,10085684,9031680,-1054004,-10.450496,1.116701,250.4987,65713B47EDFFC14BB50976619218343C172794C199D0CE6B74DB851DE42F2959,65713B47EDFFC14BB50976619218343C172794C199D0CE6B74DB851DE42F2959,True
Silesia,osdb,Synthetic binary database,ZIP Optimal,2,1,10085684,10085684,3695270,-6390414,-63.361236,2.72935,1138.1038,65713B47EDFFC14BB50976619218343C172794C199D0CE6B74DB851DE42F2959,65713B47EDFFC14BB50976619218343C172794C199D0CE6B74DB851DE42F2959,True
Silesia,osdb,Synthetic binary database,NTFS compact,2,1,10085684,10085684,9031680,-1054004,-10.450496,1.116701,224.9352,65713B47EDFFC14BB50976619218343C172794C199D0CE6B74DB851DE42F2959,65713B47EDFFC14BB50976619218343C172794C199D0CE6B74DB851DE42F2959,True
Silesia,osdb,Synthetic binary database,ZIP Optimal,3,1,10085684,10085684,3695270,-6390414,-63.361236,2.72935,1749.6759,65713B47EDFFC14BB50976619218343C172794C199D0CE6B74DB851DE42F2959,65713B47EDFFC14BB50976619218343C172794C199D0CE6B74DB851DE42F2959,True
Silesia,osdb,Synthetic binary database,NTFS compact,3,1,10085684,10085684,9031680,-1054004,-10.450496,1.116701,201.5554,65713B47EDFFC14BB50976619218343C172794C199D0CE6B74DB851DE42F2959,65713B47EDFFC14BB50976619218343C172794C199D0CE6B74DB851DE42F2959,True
Silesia,reymont,Uncompressed PDF,ZIP Optimal,1,1,6627202,6627202,1860977,-4766225,-71.919115,3.561141,2078.5549,3D99923FCF80EF141BA431154F0EC4A1136D146935A9AE2BE5564959D9B45FB9,3D99923FCF80EF141BA431154F0EC4A1136D146935A9AE2BE5564959D9B45FB9,True
Silesia,reymont,Uncompressed PDF,NTFS compact,1,1,6627202,6627202,3735552,-2891650,-43.633045,1.774089,153.8548,3D99923FCF80EF141BA431154F0EC4A1136D146935A9AE2BE5564959D9B45FB9,3D99923FCF80EF141BA431154F0EC4A1136D146935A9AE2BE5564959D9B45FB9,True
Silesia,reymont,Uncompressed PDF,ZIP Optimal,2,1,6627202,6627202,1860977,-4766225,-71.919115,3.561141,1981.3143,3D99923FCF80EF141BA431154F0EC4A1136D146935A9AE2BE5564959D9B45FB9,3D99923FCF80EF141BA431154F0EC4A1136D146935A9AE2BE5564959D9B45FB9,True
Silesia,reymont,Uncompressed PDF,NTFS compact,2,1,6627202,6627202,3735552,-2891650,-43.633045,1.774089,125.4907,3D99923FCF80EF141BA431154F0EC4A1136D146935A9AE2BE5564959D9B45FB9,3D99923FCF80EF141BA431154F0EC4A1136D146935A9AE2BE5564959D9B45FB9,True
Silesia,reymont,Uncompressed PDF,ZIP Optimal,3,1,6627202,6627202,1860977,-4766225,-71.919115,3.561141,2164.9742,3D99923FCF80EF141BA431154F0EC4A1136D146935A9AE2BE5564959D9B45FB9,3D99923FCF80EF141BA431154F0EC4A1136D146935A9AE2BE5564959D9B45FB9,True
Silesia,reymont,Uncompressed PDF,NTFS compact,3,1,6627202,6627202,3735552,-2891650,-43.633045,1.774089,132.1021,3D99923FCF80EF141BA431154F0EC4A1136D146935A9AE2BE5564959D9B45FB9,3D99923FCF80EF141BA431154F0EC4A1136D146935A9AE2BE5564959D9B45FB9,True
Silesia,samba,Tar archive of source and graphics,ZIP Optimal,1,1,21606400,21606400,5451507,-16154893,-74.769018,3.963381,3161.6419,A767C20FB6563796BA7AA335D671011DB198D841165B1CBD8D18826FC29F77B4,A767C20FB6563796BA7AA335D671011DB198D841165B1CBD8D18826FC29F77B4,True
Silesia,samba,Tar archive of source and graphics,NTFS compact,1,1,21606400,21606400,10424320,-11182080,-51.753555,2.072692,236.7416,A767C20FB6563796BA7AA335D671011DB198D841165B1CBD8D18826FC29F77B4,A767C20FB6563796BA7AA335D671011DB198D841165B1CBD8D18826FC29F77B4,True
Silesia,samba,Tar archive of source and graphics,ZIP Optimal,2,1,21606400,21606400,5451507,-16154893,-74.769018,3.963381,3045.0857,A767C20FB6563796BA7AA335D671011DB198D841165B1CBD8D18826FC29F77B4,A767C20FB6563796BA7AA335D671011DB198D841165B1CBD8D18826FC29F77B4,True
Silesia,samba,Tar archive of source and graphics,NTFS compact,2,1,21606400,21606400,10424320,-11182080,-51.753555,2.072692,257.2654,A767C20FB6563796BA7AA335D671011DB198D841165B1CBD8D18826FC29F77B4,A767C20FB6563796BA7AA335D671011DB198D841165B1CBD8D18826FC29F77B4,True
Silesia,samba,Tar archive of source and graphics,ZIP Optimal,3,1,21606400,21606400,5451507,-16154893,-74.769018,3.963381,3034.393,A767C20FB6563796BA7AA335D671011DB198D841165B1CBD8D18826FC29F77B4,A767C20FB6563796BA7AA335D671011DB198D841165B1CBD8D18826FC29F77B4,True
Silesia,samba,Tar archive of source and graphics,NTFS compact,3,1,21606400,21606400,10424320,-11182080,-51.753555,2.072692,238.0249,A767C20FB6563796BA7AA335D671011DB198D841165B1CBD8D18826FC29F77B4,A767C20FB6563796BA7AA335D671011DB198D841165B1CBD8D18826FC29F77B4,True
Silesia,sao,Binary star catalogue,ZIP Optimal,1,1,7251944,7251944,5331897,-1920047,-26.476308,1.360106,2432.4229,DC9D1F6A9920C278E98C021733151FB4A39CF93EE3FBA4B8D01690C3E06557CE,DC9D1F6A9920C278E98C021733151FB4A39CF93EE3FBA4B8D01690C3E06557CE,True
Silesia,sao,Binary star catalogue,NTFS compact,1,1,7251944,7251944,6832128,-419816,-5.789013,1.061447,138.5187,DC9D1F6A9920C278E98C021733151FB4A39CF93EE3FBA4B8D01690C3E06557CE,DC9D1F6A9920C278E98C021733151FB4A39CF93EE3FBA4B8D01690C3E06557CE,True
Silesia,sao,Binary star catalogue,ZIP Optimal,2,1,7251944,7251944,5331897,-1920047,-26.476308,1.360106,1788.228,DC9D1F6A9920C278E98C021733151FB4A39CF93EE3FBA4B8D01690C3E06557CE,DC9D1F6A9920C278E98C021733151FB4A39CF93EE3FBA4B8D01690C3E06557CE,True
Silesia,sao,Binary star catalogue,NTFS compact,2,1,7251944,7251944,6832128,-419816,-5.789013,1.061447,152.1159,DC9D1F6A9920C278E98C021733151FB4A39CF93EE3FBA4B8D01690C3E06557CE,DC9D1F6A9920C278E98C021733151FB4A39CF93EE3FBA4B8D01690C3E06557CE,True
Silesia,sao,Binary star catalogue,ZIP Optimal,3,1,7251944,7251944,5331897,-1920047,-26.476308,1.360106,2356.301,DC9D1F6A9920C278E98C021733151FB4A39CF93EE3FBA4B8D01690C3E06557CE,DC9D1F6A9920C278E98C021733151FB4A39CF93EE3FBA4B8D01690C3E06557CE,True
Silesia,sao,Binary star catalogue,NTFS compact,3,1,7251944,7251944,6832128,-419816,-5.789013,1.061447,238.016,DC9D1F6A9920C278E98C021733151FB4A39CF93EE3FBA4B8D01690C3E06557CE,DC9D1F6A9920C278E98C021733151FB4A39CF93EE3FBA4B8D01690C3E06557CE,True
Silesia,webster,English HTML dictionary,ZIP Optimal,1,1,41458703,41458703,12214053,-29244650,-70.53923,3.394344,10804.6627,9CBEFC59AA2F4F83EE2300A4836F60BBADEA1C98BE4D0FCFA8A2BEBFCDDF4602,9CBEFC59AA2F4F83EE2300A4836F60BBADEA1C98BE4D0FCFA8A2BEBFCDDF4602,True
Silesia,webster,English HTML dictionary,NTFS compact,1,1,41458703,41458703,23785472,-17673231,-42.628519,1.743026,559.7028,9CBEFC59AA2F4F83EE2300A4836F60BBADEA1C98BE4D0FCFA8A2BEBFCDDF4602,9CBEFC59AA2F4F83EE2300A4836F60BBADEA1C98BE4D0FCFA8A2BEBFCDDF4602,True
Silesia,webster,English HTML dictionary,ZIP Optimal,2,1,41458703,41458703,12214053,-29244650,-70.53923,3.394344,10974.8721,9CBEFC59AA2F4F83EE2300A4836F60BBADEA1C98BE4D0FCFA8A2BEBFCDDF4602,9CBEFC59AA2F4F83EE2300A4836F60BBADEA1C98BE4D0FCFA8A2BEBFCDDF4602,True
Silesia,webster,English HTML dictionary,NTFS compact,2,1,41458703,41458703,23785472,-17673231,-42.628519,1.743026,549.2434,9CBEFC59AA2F4F83EE2300A4836F60BBADEA1C98BE4D0FCFA8A2BEBFCDDF4602,9CBEFC59AA2F4F83EE2300A4836F60BBADEA1C98BE4D0FCFA8A2BEBFCDDF4602,True
Silesia,webster,English HTML dictionary,ZIP Optimal,3,1,41458703,41458703,12214053,-29244650,-70.53923,3.394344,11104.1109,9CBEFC59AA2F4F83EE2300A4836F60BBADEA1C98BE4D0FCFA8A2BEBFCDDF4602,9CBEFC59AA2F4F83EE2300A4836F60BBADEA1C98BE4D0FCFA8A2BEBFCDDF4602,True
Silesia,webster,English HTML dictionary,NTFS compact,3,1,41458703,41458703,23785472,-17673231,-42.628519,1.743026,513.4952,9CBEFC59AA2F4F83EE2300A4836F60BBADEA1C98BE4D0FCFA8A2BEBFCDDF4602,9CBEFC59AA2F4F83EE2300A4836F60BBADEA1C98BE4D0FCFA8A2BEBFCDDF4602,True
Silesia,x-ray,DICOM grayscale image,ZIP Optimal,1,1,8474240,8474240,6045219,-2429021,-28.663585,1.401809,1904.6069,CFF240AC01270F0EE8E2D8F0FE97BD297E2B4D71F69A9CB7ED35DB9FEEB7CB22,CFF240AC01270F0EE8E2D8F0FE97BD297E2B4D71F69A9CB7ED35DB9FEEB7CB22,True
Silesia,x-ray,DICOM grayscale image,NTFS compact,1,1,8474240,8474240,8364032,-110208,-1.300506,1.013176,176.0524,CFF240AC01270F0EE8E2D8F0FE97BD297E2B4D71F69A9CB7ED35DB9FEEB7CB22,CFF240AC01270F0EE8E2D8F0FE97BD297E2B4D71F69A9CB7ED35DB9FEEB7CB22,True
Silesia,x-ray,DICOM grayscale image,ZIP Optimal,2,1,8474240,8474240,6045219,-2429021,-28.663585,1.401809,1845.4352,CFF240AC01270F0EE8E2D8F0FE97BD297E2B4D71F69A9CB7ED35DB9FEEB7CB22,CFF240AC01270F0EE8E2D8F0FE97BD297E2B4D71F69A9CB7ED35DB9FEEB7CB22,True
Silesia,x-ray,DICOM grayscale image,NTFS compact,2,1,8474240,8474240,8364032,-110208,-1.300506,1.013176,177.9429,CFF240AC01270F0EE8E2D8F0FE97BD297E2B4D71F69A9CB7ED35DB9FEEB7CB22,CFF240AC01270F0EE8E2D8F0FE97BD297E2B4D71F69A9CB7ED35DB9FEEB7CB22,True
Silesia,x-ray,DICOM grayscale image,ZIP Optimal,3,1,8474240,8474240,6045219,-2429021,-28.663585,1.401809,1883.1871,CFF240AC01270F0EE8E2D8F0FE97BD297E2B4D71F69A9CB7ED35DB9FEEB7CB22,CFF240AC01270F0EE8E2D8F0FE97BD297E2B4D71F69A9CB7ED35DB9FEEB7CB22,True
Silesia,x-ray,DICOM grayscale image,NTFS compact,3,1,8474240,8474240,8364032,-110208,-1.300506,1.013176,225.1283,CFF240AC01270F0EE8E2D8F0FE97BD297E2B4D71F69A9CB7ED35DB9FEEB7CB22,CFF240AC01270F0EE8E2D8F0FE97BD297E2B4D71F69A9CB7ED35DB9FEEB7CB22,True
Silesia,xml,XML archive,ZIP Optimal,1,1,5345280,5345280,688095,-4657185,-87.127054,7.76823,904.29,393917F1BF98584C798CD812D220963D75091B8B66E5A93CAC757C8D87C8DD55,393917F1BF98584C798CD812D220963D75091B8B66E5A93CAC757C8D87C8DD55,True
Silesia,xml,XML archive,NTFS compact,1,1,5345280,5345280,2093056,-3252224,-60.842912,2.553816,95.9213,393917F1BF98584C798CD812D220963D75091B8B66E5A93CAC757C8D87C8DD55,393917F1BF98584C798CD812D220963D75091B8B66E5A93CAC757C8D87C8DD55,True
Silesia,xml,XML archive,ZIP Optimal,2,1,5345280,5345280,688095,-4657185,-87.127054,7.76823,826.7646,393917F1BF98584C798CD812D220963D75091B8B66E5A93CAC757C8D87C8DD55,393917F1BF98584C798CD812D220963D75091B8B66E5A93CAC757C8D87C8DD55,True
Silesia,xml,XML archive,NTFS compact,2,1,5345280,5345280,2093056,-3252224,-60.842912,2.553816,109.17,393917F1BF98584C798CD812D220963D75091B8B66E5A93CAC757C8D87C8DD55,393917F1BF98584C798CD812D220963D75091B8B66E5A93CAC757C8D87C8DD55,True
Silesia,xml,XML archive,ZIP Optimal,3,1,5345280,5345280,688095,-4657185,-87.127054,7.76823,928.1728,393917F1BF98584C798CD812D220963D75091B8B66E5A93CAC757C8D87C8DD55,393917F1BF98584C798CD812D220963D75091B8B66E5A93CAC757C8D87C8DD55,True
Silesia,xml,XML archive,NTFS compact,3,1,5345280,5345280,2093056,-3252224,-60.842912,2.553816,106.8137,393917F1BF98584C798CD812D220963D75091B8B66E5A93CAC757C8D87C8DD55,393917F1BF98584C798CD812D220963D75091B8B66E5A93CAC757C8D87C8DD55,True
Canterbury,Complete corpus folder,Corpus aggregate,ZIP Optimal,1,11,2810784,2810784,731938,-2078846,-73.95965,3.840194,1163.7912,A05CEB5D0D0C8E703378675B151E28BF8AAA9464319D371F4B5B1B5367D7F6CB,A05CEB5D0D0C8E703378675B151E28BF8AAA9464319D371F4B5B1B5367D7F6CB,True
Canterbury,Complete corpus folder,Corpus aggregate,NTFS compact,1,11,2810784,2810784,1412745,-1398039,-49.7384,1.98959,68.0818,A05CEB5D0D0C8E703378675B151E28BF8AAA9464319D371F4B5B1B5367D7F6CB,A05CEB5D0D0C8E703378675B151E28BF8AAA9464319D371F4B5B1B5367D7F6CB,True
Canterbury,Complete corpus folder,Corpus aggregate,ZIP Optimal,2,11,2810784,2810784,731938,-2078846,-73.95965,3.840194,1043.3819,A05CEB5D0D0C8E703378675B151E28BF8AAA9464319D371F4B5B1B5367D7F6CB,A05CEB5D0D0C8E703378675B151E28BF8AAA9464319D371F4B5B1B5367D7F6CB,True
Canterbury,Complete corpus folder,Corpus aggregate,NTFS compact,2,11,2810784,2810784,1412745,-1398039,-49.7384,1.98959,88.7398,A05CEB5D0D0C8E703378675B151E28BF8AAA9464319D371F4B5B1B5367D7F6CB,A05CEB5D0D0C8E703378675B151E28BF8AAA9464319D371F4B5B1B5367D7F6CB,True
Canterbury,Complete corpus folder,Corpus aggregate,ZIP Optimal,3,11,2810784,2810784,731938,-2078846,-73.95965,3.840194,1040.5271,A05CEB5D0D0C8E703378675B151E28BF8AAA9464319D371F4B5B1B5367D7F6CB,A05CEB5D0D0C8E703378675B151E28BF8AAA9464319D371F4B5B1B5367D7F6CB,True
Canterbury,Complete corpus folder,Corpus aggregate,NTFS compact,3,11,2810784,2810784,1412745,-1398039,-49.7384,1.98959,91.0508,A05CEB5D0D0C8E703378675B151E28BF8AAA9464319D371F4B5B1B5367D7F6CB,A05CEB5D0D0C8E703378675B151E28BF8AAA9464319D371F4B5B1B5367D7F6CB,True
Canterbury-Large,Complete corpus folder,Corpus aggregate,ZIP Optimal,1,3,11159482,11159482,3259131,-7900351,-70.794962,3.424067,5043.1173,4E3D6C5C5359E09EA0DF5CEBDDA58194EE6159AD3F2D6259748BEDB5A590AFEB,4E3D6C5C5359E09EA0DF5CEBDDA58194EE6159AD3F2D6259748BEDB5A590AFEB,True
Canterbury-Large,Complete corpus folder,Corpus aggregate,NTFS compact,1,3,11159482,11159482,6979584,-4179898,-37.456022,1.598875,156.7313,4E3D6C5C5359E09EA0DF5CEBDDA58194EE6159AD3F2D6259748BEDB5A590AFEB,4E3D6C5C5359E09EA0DF5CEBDDA58194EE6159AD3F2D6259748BEDB5A590AFEB,True
Canterbury-Large,Complete corpus folder,Corpus aggregate,ZIP Optimal,2,3,11159482,11159482,3259131,-7900351,-70.794962,3.424067,5218.4204,4E3D6C5C5359E09EA0DF5CEBDDA58194EE6159AD3F2D6259748BEDB5A590AFEB,4E3D6C5C5359E09EA0DF5CEBDDA58194EE6159AD3F2D6259748BEDB5A590AFEB,True
Canterbury-Large,Complete corpus folder,Corpus aggregate,NTFS compact,2,3,11159482,11159482,6979584,-4179898,-37.456022,1.598875,217.4386,4E3D6C5C5359E09EA0DF5CEBDDA58194EE6159AD3F2D6259748BEDB5A590AFEB,4E3D6C5C5359E09EA0DF5CEBDDA58194EE6159AD3F2D6259748BEDB5A590AFEB,True
Canterbury-Large,Complete corpus folder,Corpus aggregate,ZIP Optimal,3,3,11159482,11159482,3259131,-7900351,-70.794962,3.424067,5184.6757,4E3D6C5C5359E09EA0DF5CEBDDA58194EE6159AD3F2D6259748BEDB5A590AFEB,4E3D6C5C5359E09EA0DF5CEBDDA58194EE6159AD3F2D6259748BEDB5A590AFEB,True
Canterbury-Large,Complete corpus folder,Corpus aggregate,NTFS compact,3,3,11159482,11159482,6979584,-4179898,-37.456022,1.598875,176.9232,4E3D6C5C5359E09EA0DF5CEBDDA58194EE6159AD3F2D6259748BEDB5A590AFEB,4E3D6C5C5359E09EA0DF5CEBDDA58194EE6159AD3F2D6259748BEDB5A590AFEB,True
Silesia,Complete corpus folder,Corpus aggregate,ZIP Optimal,1,12,211938580,211938580,68221469,-143717111,-67.810736,3.106626,42558.0353,50C15B6A15C7288588784FB8CE180DD60B85B41B24AB96EA5C3012565C6DFADA,50C15B6A15C7288588784FB8CE180DD60B85B41B24AB96EA5C3012565C6DFADA,True
Silesia,Complete corpus folder,Corpus aggregate,NTFS compact,1,12,211938580,211938580,121049088,-90889492,-42.884826,1.750848,2413.1907,50C15B6A15C7288588784FB8CE180DD60B85B41B24AB96EA5C3012565C6DFADA,50C15B6A15C7288588784FB8CE180DD60B85B41B24AB96EA5C3012565C6DFADA,True
Synthetic,repetitive-log-8MiB,Synthetic repetitive text,ZIP Optimal,1,1,8388608,8388608,28714,-8359894,-99.657702,292.143484,340.8519,A10F32C91B79A5D6AF101396CCEFC611F916D23C348A0AA722D04638A815995F,A10F32C91B79A5D6AF101396CCEFC611F916D23C348A0AA722D04638A815995F,True
Synthetic,repetitive-log-8MiB,Synthetic repetitive text,NTFS compact,1,1,8388608,8388608,1048576,-7340032,-87.5,8,110.3454,A10F32C91B79A5D6AF101396CCEFC611F916D23C348A0AA722D04638A815995F,A10F32C91B79A5D6AF101396CCEFC611F916D23C348A0AA722D04638A815995F,True
Synthetic,repetitive-log-8MiB,Synthetic repetitive text,ZIP Optimal,2,1,8388608,8388608,28714,-8359894,-99.657702,292.143484,313.581,A10F32C91B79A5D6AF101396CCEFC611F916D23C348A0AA722D04638A815995F,A10F32C91B79A5D6AF101396CCEFC611F916D23C348A0AA722D04638A815995F,True
Synthetic,repetitive-log-8MiB,Synthetic repetitive text,NTFS compact,2,1,8388608,8388608,1048576,-7340032,-87.5,8,107.8202,A10F32C91B79A5D6AF101396CCEFC611F916D23C348A0AA722D04638A815995F,A10F32C91B79A5D6AF101396CCEFC611F916D23C348A0AA722D04638A815995F,True
Synthetic,repetitive-log-8MiB,Synthetic repetitive text,ZIP Optimal,3,1,8388608,8388608,28714,-8359894,-99.657702,292.143484,220.5867,A10F32C91B79A5D6AF101396CCEFC611F916D23C348A0AA722D04638A815995F,A10F32C91B79A5D6AF101396CCEFC611F916D23C348A0AA722D04638A815995F,True
Synthetic,repetitive-log-8MiB,Synthetic repetitive text,NTFS compact,3,1,8388608,8388608,1048576,-7340032,-87.5,8,59.5123,A10F32C91B79A5D6AF101396CCEFC611F916D23C348A0AA722D04638A815995F,A10F32C91B79A5D6AF101396CCEFC611F916D23C348A0AA722D04638A815995F,True
Synthetic,repetitive-log-8MiB,Synthetic repetitive text,ZIP Optimal,4,1,8388608,8388608,28714,-8359894,-99.657702,292.143484,157.1572,A10F32C91B79A5D6AF101396CCEFC611F916D23C348A0AA722D04638A815995F,A10F32C91B79A5D6AF101396CCEFC611F916D23C348A0AA722D04638A815995F,True
Synthetic,repetitive-log-8MiB,Synthetic repetitive text,NTFS compact,4,1,8388608,8388608,1048576,-7340032,-87.5,8,93.662,A10F32C91B79A5D6AF101396CCEFC611F916D23C348A0AA722D04638A815995F,A10F32C91B79A5D6AF101396CCEFC611F916D23C348A0AA722D04638A815995F,True
Synthetic,repetitive-log-8MiB,Synthetic repetitive text,ZIP Optimal,5,1,8388608,8388608,28714,-8359894,-99.657702,292.143484,161.9946,A10F32C91B79A5D6AF101396CCEFC611F916D23C348A0AA722D04638A815995F,A10F32C91B79A5D6AF101396CCEFC611F916D23C348A0AA722D04638A815995F,True
Synthetic,repetitive-log-8MiB,Synthetic repetitive text,NTFS compact,5,1,8388608,8388608,1048576,-7340032,-87.5,8,76.8691,A10F32C91B79A5D6AF101396CCEFC611F916D23C348A0AA722D04638A815995F,A10F32C91B79A5D6AF101396CCEFC611F916D23C348A0AA722D04638A815995F,True
Synthetic,structured-jsonl,Synthetic structured text,ZIP Optimal,1,1,8388608,8388608,184883,-8203725,-97.796023,45.372522,115.6631,6D908B574B25239BFC62F21627C6152A7692427C4AB674568F41A9C61F2AFFA8,6D908B574B25239BFC62F21627C6152A7692427C4AB674568F41A9C61F2AFFA8,True
Synthetic,structured-jsonl,Synthetic structured text,NTFS compact,1,1,8388608,8388608,1048576,-7340032,-87.5,8,103.4471,6D908B574B25239BFC62F21627C6152A7692427C4AB674568F41A9C61F2AFFA8,6D908B574B25239BFC62F21627C6152A7692427C4AB674568F41A9C61F2AFFA8,True
Synthetic,structured-jsonl,Synthetic structured text,ZIP Optimal,2,1,8388608,8388608,184883,-8203725,-97.796023,45.372522,352.2859,6D908B574B25239BFC62F21627C6152A7692427C4AB674568F41A9C61F2AFFA8,6D908B574B25239BFC62F21627C6152A7692427C4AB674568F41A9C61F2AFFA8,True
Synthetic,structured-jsonl,Synthetic structured text,NTFS compact,2,1,8388608,8388608,1048576,-7340032,-87.5,8,138.0539,6D908B574B25239BFC62F21627C6152A7692427C4AB674568F41A9C61F2AFFA8,6D908B574B25239BFC62F21627C6152A7692427C4AB674568F41A9C61F2AFFA8,True
Synthetic,structured-jsonl,Synthetic structured text,ZIP Optimal,3,1,8388608,8388608,184883,-8203725,-97.796023,45.372522,355.8017,6D908B574B25239BFC62F21627C6152A7692427C4AB674568F41A9C61F2AFFA8,6D908B574B25239BFC62F21627C6152A7692427C4AB674568F41A9C61F2AFFA8,True
Synthetic,structured-jsonl,Synthetic structured text,NTFS compact,3,1,8388608,8388608,1048576,-7340032,-87.5,8,76.9362,6D908B574B25239BFC62F21627C6152A7692427C4AB674568F41A9C61F2AFFA8,6D908B574B25239BFC62F21627C6152A7692427C4AB674568F41A9C61F2AFFA8,True
Synthetic,structured-jsonl,Synthetic structured text,ZIP Optimal,4,1,8388608,8388608,184883,-8203725,-97.796023,45.372522,497.5844,6D908B574B25239BFC62F21627C6152A7692427C4AB674568F41A9C61F2AFFA8,6D908B574B25239BFC62F21627C6152A7692427C4AB674568F41A9C61F2AFFA8,True
Synthetic,structured-jsonl,Synthetic structured text,NTFS compact,4,1,8388608,8388608,1048576,-7340032,-87.5,8,84.4455,6D908B574B25239BFC62F21627C6152A7692427C4AB674568F41A9C61F2AFFA8,6D908B574B25239BFC62F21627C6152A7692427C4AB674568F41A9C61F2AFFA8,True
Synthetic,structured-jsonl,Synthetic structured text,ZIP Optimal,5,1,8388608,8388608,184883,-8203725,-97.796023,45.372522,327.6732,6D908B574B25239BFC62F21627C6152A7692427C4AB674568F41A9C61F2AFFA8,6D908B574B25239BFC62F21627C6152A7692427C4AB674568F41A9C61F2AFFA8,True
Synthetic,structured-jsonl,Synthetic structured text,NTFS compact,5,1,8388608,8388608,1048576,-7340032,-87.5,8,139.2827,6D908B574B25239BFC62F21627C6152A7692427C4AB674568F41A9C61F2AFFA8,6D908B574B25239BFC62F21627C6152A7692427C4AB674568F41A9C61F2AFFA8,True
Synthetic,deterministic-binary-8MiB,Synthetic high-entropy binary,ZIP Optimal,1,1,8388608,8388608,8391324,2716,0.032377,0.999676,1310.0322,9004439AA28B72DE8BF53F0C8E09CCD654902A5865AF403ED35D6357DA5AF7E5,9004439AA28B72DE8BF53F0C8E09CCD654902A5865AF403ED35D6357DA5AF7E5,True
Synthetic,deterministic-binary-8MiB,Synthetic high-entropy binary,NTFS compact,1,1,8388608,8388608,8388608,0,0,1,182.388,9004439AA28B72DE8BF53F0C8E09CCD654902A5865AF403ED35D6357DA5AF7E5,9004439AA28B72DE8BF53F0C8E09CCD654902A5865AF403ED35D6357DA5AF7E5,True
Synthetic,deterministic-binary-8MiB,Synthetic high-entropy binary,ZIP Optimal,2,1,8388608,8388608,8391324,2716,0.032377,0.999676,1159.3616,9004439AA28B72DE8BF53F0C8E09CCD654902A5865AF403ED35D6357DA5AF7E5,9004439AA28B72DE8BF53F0C8E09CCD654902A5865AF403ED35D6357DA5AF7E5,True
Synthetic,deterministic-binary-8MiB,Synthetic high-entropy binary,NTFS compact,2,1,8388608,8388608,8388608,0,0,1,161.9961,9004439AA28B72DE8BF53F0C8E09CCD654902A5865AF403ED35D6357DA5AF7E5,9004439AA28B72DE8BF53F0C8E09CCD654902A5865AF403ED35D6357DA5AF7E5,True
Synthetic,deterministic-binary-8MiB,Synthetic high-entropy binary,ZIP Optimal,3,1,8388608,8388608,8391324,2716,0.032377,0.999676,1313.4954,9004439AA28B72DE8BF53F0C8E09CCD654902A5865AF403ED35D6357DA5AF7E5,9004439AA28B72DE8BF53F0C8E09CCD654902A5865AF403ED35D6357DA5AF7E5,True
Synthetic,deterministic-binary-8MiB,Synthetic high-entropy binary,NTFS compact,3,1,8388608,8388608,8388608,0,0,1,150.5831,9004439AA28B72DE8BF53F0C8E09CCD654902A5865AF403ED35D6357DA5AF7E5,9004439AA28B72DE8BF53F0C8E09CCD654902A5865AF403ED35D6357DA5AF7E5,True
Synthetic,deterministic-binary-8MiB,Synthetic high-entropy binary,ZIP Optimal,4,1,8388608,8388608,8391324,2716,0.032377,0.999676,1057.4497,9004439AA28B72DE8BF53F0C8E09CCD654902A5865AF403ED35D6357DA5AF7E5,9004439AA28B72DE8BF53F0C8E09CCD654902A5865AF403ED35D6357DA5AF7E5,True
Synthetic,deterministic-binary-8MiB,Synthetic high-entropy binary,NTFS compact,4,1,8388608,8388608,8388608,0,0,1,157.0705,9004439AA28B72DE8BF53F0C8E09CCD654902A5865AF403ED35D6357DA5AF7E5,9004439AA28B72DE8BF53F0C8E09CCD654902A5865AF403ED35D6357DA5AF7E5,True
Synthetic,deterministic-binary-8MiB,Synthetic high-entropy binary,ZIP Optimal,5,1,8388608,8388608,8391324,2716,0.032377,0.999676,1059.1959,9004439AA28B72DE8BF53F0C8E09CCD654902A5865AF403ED35D6357DA5AF7E5,9004439AA28B72DE8BF53F0C8E09CCD654902A5865AF403ED35D6357DA5AF7E5,True
Synthetic,deterministic-binary-8MiB,Synthetic high-entropy binary,NTFS compact,5,1,8388608,8388608,8388608,0,0,1,189.1661,9004439AA28B72DE8BF53F0C8E09CCD654902A5865AF403ED35D6357DA5AF7E5,9004439AA28B72DE8BF53F0C8E09CCD654902A5865AF403ED35D6357DA5AF7E5,True
Synthetic,already-compressed-zip,Already compressed archive,ZIP Optimal,1,1,8391324,8391324,8394034,2710,0.032295,0.999677,1152.4432,E7EAD829AAE81BAC4E152E4BD056AAB0C6D53477D1629CF9DA9BDA81E1B8C9FC,E7EAD829AAE81BAC4E152E4BD056AAB0C6D53477D1629CF9DA9BDA81E1B8C9FC,True
Synthetic,already-compressed-zip,Already compressed archive,NTFS compact,1,1,8391324,8391324,8391324,0,0,1,171.4882,E7EAD829AAE81BAC4E152E4BD056AAB0C6D53477D1629CF9DA9BDA81E1B8C9FC,E7EAD829AAE81BAC4E152E4BD056AAB0C6D53477D1629CF9DA9BDA81E1B8C9FC,True
Synthetic,already-compressed-zip,Already compressed archive,ZIP Optimal,2,1,8391324,8391324,8394034,2710,0.032295,0.999677,1268.0557,E7EAD829AAE81BAC4E152E4BD056AAB0C6D53477D1629CF9DA9BDA81E1B8C9FC,E7EAD829AAE81BAC4E152E4BD056AAB0C6D53477D1629CF9DA9BDA81E1B8C9FC,True
Synthetic,already-compressed-zip,Already compressed archive,NTFS compact,2,1,8391324,8391324,8391324,0,0,1,159.1522,E7EAD829AAE81BAC4E152E4BD056AAB0C6D53477D1629CF9DA9BDA81E1B8C9FC,E7EAD829AAE81BAC4E152E4BD056AAB0C6D53477D1629CF9DA9BDA81E1B8C9FC,True
Synthetic,already-compressed-zip,Already compressed archive,ZIP Optimal,3,1,8391324,8391324,8394034,2710,0.032295,0.999677,1237.7312,E7EAD829AAE81BAC4E152E4BD056AAB0C6D53477D1629CF9DA9BDA81E1B8C9FC,E7EAD829AAE81BAC4E152E4BD056AAB0C6D53477D1629CF9DA9BDA81E1B8C9FC,True
Synthetic,already-compressed-zip,Already compressed archive,NTFS compact,3,1,8391324,8391324,8391324,0,0,1,164.2524,E7EAD829AAE81BAC4E152E4BD056AAB0C6D53477D1629CF9DA9BDA81E1B8C9FC,E7EAD829AAE81BAC4E152E4BD056AAB0C6D53477D1629CF9DA9BDA81E1B8C9FC,True
Synthetic,already-compressed-zip,Already compressed archive,ZIP Optimal,4,1,8391324,8391324,8394034,2710,0.032295,0.999677,1219.9372,E7EAD829AAE81BAC4E152E4BD056AAB0C6D53477D1629CF9DA9BDA81E1B8C9FC,E7EAD829AAE81BAC4E152E4BD056AAB0C6D53477D1629CF9DA9BDA81E1B8C9FC,True
Synthetic,already-compressed-zip,Already compressed archive,NTFS compact,4,1,8391324,8391324,8391324,0,0,1,152.4229,E7EAD829AAE81BAC4E152E4BD056AAB0C6D53477D1629CF9DA9BDA81E1B8C9FC,E7EAD829AAE81BAC4E152E4BD056AAB0C6D53477D1629CF9DA9BDA81E1B8C9FC,True
Synthetic,already-compressed-zip,Already compressed archive,ZIP Optimal,5,1,8391324,8391324,8394034,2710,0.032295,0.999677,1236.4261,E7EAD829AAE81BAC4E152E4BD056AAB0C6D53477D1629CF9DA9BDA81E1B8C9FC,E7EAD829AAE81BAC4E152E4BD056AAB0C6D53477D1629CF9DA9BDA81E1B8C9FC,True
Synthetic,already-compressed-zip,Already compressed archive,NTFS compact,5,1,8391324,8391324,8391324,0,0,1,165.5298,E7EAD829AAE81BAC4E152E4BD056AAB0C6D53477D1629CF9DA9BDA81E1B8C9FC,E7EAD829AAE81BAC4E152E4BD056AAB0C6D53477D1629CF9DA9BDA81E1B8C9FC,True
Synthetic,small-files-1000,Many small files,ZIP Optimal,1,1000,96000,96000,161997,65997,68.746875,0.592604,18861.5139,84CAB6442FFF3370B7901844D3787216FB3B49615A7CD2E124FAD462C2C52A28,84CAB6442FFF3370B7901844D3787216FB3B49615A7CD2E124FAD462C2C52A28,True
Synthetic,small-files-1000,Many small files,NTFS compact,1,1000,96000,96000,96000,0,0,1,371.2951,84CAB6442FFF3370B7901844D3787216FB3B49615A7CD2E124FAD462C2C52A28,84CAB6442FFF3370B7901844D3787216FB3B49615A7CD2E124FAD462C2C52A28,True
Synthetic,small-files-1000,Many small files,ZIP Optimal,2,1000,96000,96000,161997,65997,68.746875,0.592604,15232.661,84CAB6442FFF3370B7901844D3787216FB3B49615A7CD2E124FAD462C2C52A28,84CAB6442FFF3370B7901844D3787216FB3B49615A7CD2E124FAD462C2C52A28,True
Synthetic,small-files-1000,Many small files,NTFS compact,2,1000,96000,96000,96000,0,0,1,319.1353,84CAB6442FFF3370B7901844D3787216FB3B49615A7CD2E124FAD462C2C52A28,84CAB6442FFF3370B7901844D3787216FB3B49615A7CD2E124FAD462C2C52A28,True
Synthetic,small-files-1000,Many small files,ZIP Optimal,3,1000,96000,96000,161997,65997,68.746875,0.592604,15219.0112,84CAB6442FFF3370B7901844D3787216FB3B49615A7CD2E124FAD462C2C52A28,84CAB6442FFF3370B7901844D3787216FB3B49615A7CD2E124FAD462C2C52A28,True
Synthetic,small-files-1000,Many small files,NTFS compact,3,1000,96000,96000,96000,0,0,1,280.7381,84CAB6442FFF3370B7901844D3787216FB3B49615A7CD2E124FAD462C2C52A28,84CAB6442FFF3370B7901844D3787216FB3B49615A7CD2E124FAD462C2C52A28,True
Synthetic,small-files-1000,Many small files,ZIP Optimal,4,1000,96000,96000,161997,65997,68.746875,0.592604,18610.9566,84CAB6442FFF3370B7901844D3787216FB3B49615A7CD2E124FAD462C2C52A28,84CAB6442FFF3370B7901844D3787216FB3B49615A7CD2E124FAD462C2C52A28,True
Synthetic,small-files-1000,Many small files,NTFS compact,4,1000,96000,96000,96000,0,0,1,315.0776,84CAB6442FFF3370B7901844D3787216FB3B49615A7CD2E124FAD462C2C52A28,84CAB6442FFF3370B7901844D3787216FB3B49615A7CD2E124FAD462C2C52A28,True
Synthetic,small-files-1000,Many small files,ZIP Optimal,5,1000,96000,96000,161997,65997,68.746875,0.592604,14404.1205,84CAB6442FFF3370B7901844D3787216FB3B49615A7CD2E124FAD462C2C52A28,84CAB6442FFF3370B7901844D3787216FB3B49615A7CD2E124FAD462C2C52A28,True
Synthetic,small-files-1000,Many small files,NTFS compact,5,1000,96000,96000,96000,0,0,1,283.5613,84CAB6442FFF3370B7901844D3787216FB3B49615A7CD2E124FAD462C2C52A28,84CAB6442FFF3370B7901844D3787216FB3B49615A7CD2E124FAD462C2C52A28,True
