"Dataset","FileName","Category","ExpectedBytes","ActualBytes","ExpectedSHA256","ActualSHA256","ExpectedMD5","ActualMD5","IntegrityPassed"
"Canterbury","alice29.txt","English text","152089","152089","7467306EE0FEED4971260F3C87421154A05BE571D944E9CB021A5713700C38F0","7467306EE0FEED4971260F3C87421154A05BE571D944E9CB021A5713700C38F0","74C3B556C76EA0CFAE111CDB64D08255","74C3B556C76EA0CFAE111CDB64D08255","True"
"Canterbury","asyoulik.txt","Shakespeare text","125179","125179","EAA3526FE53859F34ECDF255712F9ECF0B2C903451D4755B2EDAA2E2599CB0FC","EAA3526FE53859F34ECDF255712F9ECF0B2C903451D4755B2EDAA2E2599CB0FC","2183E4E23C67C1DCC6CB84E13D8863BF","2183E4E23C67C1DCC6CB84E13D8863BF","True"
"Canterbury","cp.html","HTML source","24603","24603","E0CD21CEF5B6C4069461E949BE100080C3CE887DE6F1DD8626C480528EFAAF61","E0CD21CEF5B6C4069461E949BE100080C3CE887DE6F1DD8626C480528EFAAF61","D4B4E81B46AE7A3CBC2B733BBD6D8CC8","D4B4E81B46AE7A3CBC2B733BBD6D8CC8","True"
"Canterbury","fields.c","C source","11150","11150","85D73E354CC50CEC76CB5A50537CF8DC035F8CBB8480F9E1CBE2F7D6C23393C7","85D73E354CC50CEC76CB5A50537CF8DC035F8CBB8480F9E1CBE2F7D6C23393C7","82640457A3569C49615974B5053A73DF","82640457A3569C49615974B5053A73DF","True"
"Canterbury","grammar.lsp","LISP source","3721","3721","1B0805DFC0AE706B35AAC2BB4E15F02485EFD24DDA5DBD29DE7B2F84D1A88C15","1B0805DFC0AE706B35AAC2BB4E15F02485EFD24DDA5DBD29DE7B2F84D1A88C15","AD6FF075A8058262564493050F67F702","AD6FF075A8058262564493050F67F702","True"
"Canterbury","kennedy.xls","Excel spreadsheet","1029744","1029744","9AF47239CA29DFE20E633F80BBBB9A4CC9783D0803D7B2B5626F42E4C3790420","9AF47239CA29DFE20E633F80BBBB9A4CC9783D0803D7B2B5626F42E4C3790420","B408D2207B18ABA5A378548698735D64","B408D2207B18ABA5A378548698735D64","True"
"Canterbury","lcet10.txt","Technical text","426754","426754","5314BA1DBB03F471DF88BEC6CD120A938EF60D0FD3511C5C1DCE61BF7463245F","5314BA1DBB03F471DF88BEC6CD120A938EF60D0FD3511C5C1DCE61BF7463245F","5D69B132C7929DEC190DAA69F081D472","5D69B132C7929DEC190DAA69F081D472","True"
"Canterbury","plrabn12.txt","Poetry","481861","481861","07E2E0B461AF78C7C647CB53DAB39DE560198E16F799B4516ECCF0FBD69F764C","07E2E0B461AF78C7C647CB53DAB39DE560198E16F799B4516ECCF0FBD69F764C","4655507B26054B80B98BAC2B44D8200F","4655507B26054B80B98BAC2B44D8200F","True"
"Canterbury","ptt5","CCITT fax test data","513216","513216","0EC3A75089BB52342813496B17E51377BC9EBA3CB519A444D67025354841D650","0EC3A75089BB52342813496B17E51377BC9EBA3CB519A444D67025354841D650","29ECA86237730FCE52232612036284B9","29ECA86237730FCE52232612036284B9","True"
"Canterbury","sum","SPARC executable","38240","38240","EE5733CD76ECC2F9D8FF156ADC3C02A7A851051DCF43A2D56FF4EE4FF606BDB3","EE5733CD76ECC2F9D8FF156ADC3C02A7A851051DCF43A2D56FF4EE4FF606BDB3","0D347E6C137C15616EE2BECC0123E0A3","0D347E6C137C15616EE2BECC0123E0A3","True"
"Canterbury","xargs.1","GNU manual page","4227","4227","C58AEB5D2D1E12751D47E7412B45784405FC30A5671B03D480FA05776E183619","C58AEB5D2D1E12751D47E7412B45784405FC30A5671B03D480FA05776E183619","7BCC27ABDDBCC8DC56D9B1950CE93A69","7BCC27ABDDBCC8DC56D9B1950CE93A69","True"
"Canterbury-Large","bible.txt","English text","4047392","4047392","4E0A7E8DFF7D9C82DBDED57305C0CA3CDD3C4CA014DB27121782FE9710F4723F","4E0A7E8DFF7D9C82DBDED57305C0CA3CDD3C4CA014DB27121782FE9710F4723F","93FB92788B569C0387A50F4C99720EE7","93FB92788B569C0387A50F4C99720EE7","True"
"Canterbury-Large","E.coli","Genome sequence","4638690","4638690","9125DFD87315961EF4286F3856098069E050CC3A2ABE65735FE43E69D1996F40","9125DFD87315961EF4286F3856098069E050CC3A2ABE65735FE43E69D1996F40","E847A1B370F150BB96904A463CEF9C8B","E847A1B370F150BB96904A463CEF9C8B","True"
"Canterbury-Large","world192.txt","English reference text","2473400","2473400","1AEBDC97D29904B25791DA9AA32BE90B69D7DA6DC0AC9B95512ED27ED40D2112","1AEBDC97D29904B25791DA9AA32BE90B69D7DA6DC0AC9B95512ED27ED40D2112","30500A27CB7A15E6F2FA0032B06E06C3","30500A27CB7A15E6F2FA0032B06E06C3","True"
"Silesia","dickens","English prose","10192446","10192446","B24C37886142E11D0EE687DB6AB06F936207AA7F2EA1FD1D9A36763C7A507E6A","B24C37886142E11D0EE687DB6AB06F936207AA7F2EA1FD1D9A36763C7A507E6A","88334708559F6DB57D79096BC0ACA07E","88334708559F6DB57D79096BC0ACA07E","True"
"Silesia","mozilla","Software project tar archive","51220480","51220480","657FC3764B0C75AC9DE9623125705831EBBFBE08FED248DF73BC2DC66E2A963B","657FC3764B0C75AC9DE9623125705831EBBFBE08FED248DF73BC2DC66E2A963B","C7789A2097F1FF944B0C737430A339B3","C7789A2097F1FF944B0C737430A339B3","True"
"Silesia","mr","DICOM MRI image","9970564","9970564","68637ED52E3E4860174ED2DC0840AC77D5F1A60ABBCB13770D5754E3774D53E6","68637ED52E3E4860174ED2DC0840AC77D5F1A60ABBCB13770D5754E3774D53E6","38E623E3093B7BF2003CA4B1BBC19927","38E623E3093B7BF2003CA4B1BBC19927","True"
"Silesia","nci","Chemical database text","33553445","33553445","FC63A31770947B8C2062D3B19CA94C00485A232BB91B502021948FEE983E1635","FC63A31770947B8C2062D3B19CA94C00485A232BB91B502021948FEE983E1635","31F85BC8706F3C921104E7C169E2E2E1","31F85BC8706F3C921104E7C169E2E2E1","True"
"Silesia","ooffice","Windows DLL","6152192","6152192","E7EE013880D34DD5208283D0D3D91B07F442E067454276095DED14F322A656EB","E7EE013880D34DD5208283D0D3D91B07F442E067454276095DED14F322A656EB","573C4AE915E36631D8F2DCFFB9B9B66D","573C4AE915E36631D8F2DCFFB9B9B66D","True"
"Silesia","osdb","Synthetic binary database","10085684","10085684","60F027179302CA3AD87C58AC90B6BE72EC23588AAA7A3B7FE8ECC0F11DEF3FA3","60F027179302CA3AD87C58AC90B6BE72EC23588AAA7A3B7FE8ECC0F11DEF3FA3","E734B0C48E6A982ADFB5802DA3032ECD","E734B0C48E6A982ADFB5802DA3032ECD","True"
"Silesia","reymont","Uncompressed PDF","6627202","6627202","0EAC0114A3DFE6E2EE1F345A0F79D653CB26C3BC9F0ED79238AF4933422B7578","0EAC0114A3DFE6E2EE1F345A0F79D653CB26C3BC9F0ED79238AF4933422B7578","D8F54D78105079775F32D76DC55FC671","D8F54D78105079775F32D76DC55FC671","True"
"Silesia","samba","Tar archive of source and graphics","21606400","21606400","93BA07BC44D8267789C1D911992F40B089FFA2140B4A160FAC11CCAE9A40E7B2","93BA07BC44D8267789C1D911992F40B089FFA2140B4A160FAC11CCAE9A40E7B2","154EAEA7EA70E89F6339FF0ABF4112CA","154EAEA7EA70E89F6339FF0ABF4112CA","True"
"Silesia","sao","Binary star catalogue","7251944","7251944","C2D0EA2CC59D4C21B7FE43A71499342A00CBE530A1D5548770E91ECD6214ADCC","C2D0EA2CC59D4C21B7FE43A71499342A00CBE530A1D5548770E91ECD6214ADCC","79E95A22E18CD82B7E42BF91B380D30B","79E95A22E18CD82B7E42BF91B380D30B","True"
"Silesia","webster","English HTML dictionary","41458703","41458703","6A68F69B26DAF09F9DD84F7470368553194A0B294FCFA80F1604EFB11143A383","6A68F69B26DAF09F9DD84F7470368553194A0B294FCFA80F1604EFB11143A383","474931AD907AC27BF962C75DED46C069","474931AD907AC27BF962C75DED46C069","True"
"Silesia","x-ray","DICOM grayscale image","8474240","8474240","7DE9FCE1405DC44AE5E6813ED21CD5751E761BD4265655A005D39B9685D1C9AD","7DE9FCE1405DC44AE5E6813ED21CD5751E761BD4265655A005D39B9685D1C9AD","9BAEC32AD14EC3EFF487D254382CB91C","9BAEC32AD14EC3EFF487D254382CB91C","True"
"Silesia","xml","XML archive","5345280","5345280","0E82E54E695C1938E4193448022543845B33020C8BE6BF3BF3EAD2224903E08C","0E82E54E695C1938E4193448022543845B33020C8BE6BF3BF3EAD2224903E08C","9B09C0C80104ADB8AAE910B7D7DB003E","9B09C0C80104ADB8AAE910B7D7DB003E","True"
