Dataset,Sample,Category,Method,RepeatCount,FileCount,InputLogicalBytes,ReferenceAllocatedBytesMean,OutputBytesMean,OutputBytesMedian,OutputBytesMin,OutputBytesMax,OutputBytesSampleSD,ChangePercentMean,ChangePercentMedian,ChangePercentMin,ChangePercentMax,ChangePercentSampleSD,RatioInputOverOutputMedian,DurationMillisecondsMedian,IntegrityPassed
Canterbury,Complete corpus folder,Corpus aggregate,NTFS compact,3,11,2810784,2810784,1412745,1412745,1412745,1412745,0.0,-49.7384,-49.7384,-49.7384,-49.7384,0.0,1.98959,88.74,True
Canterbury,Complete corpus folder,Corpus aggregate,ZIP Optimal,3,11,2810784,2810784,731938,731938,731938,731938,0.0,-73.95965,-73.95965,-73.95965,-73.95965,0.0,3.840194,1043.382,True
Canterbury,alice29.txt,English text,NTFS compact,3,1,152089,152089,106496,106496,106496,106496,0.0,-29.977842,-29.977842,-29.977842,-29.977842,0.0,1.428119,51.165,True
Canterbury,alice29.txt,English text,ZIP Optimal,3,1,152089,152089,54518,54518,54518,54518,0.0,-64.153884,-64.153884,-64.153884,-64.153884,0.0,2.789702,129.011,True
Canterbury,asyoulik.txt,Shakespeare text,NTFS compact,3,1,125179,125179,86016,86016,86016,86016,0.0,-31.285599,-31.285599,-31.285599,-31.285599,0.0,1.455299,47.168,True
Canterbury,asyoulik.txt,Shakespeare text,ZIP Optimal,3,1,125179,125179,49013,49013,49013,49013,0.0,-60.845669,-60.845669,-60.845669,-60.845669,0.0,2.553996,129.602,True
Canterbury,cp.html,HTML source,NTFS compact,3,1,24603,24603,16384,16384,16384,16384,0.0,-33.406495,-33.406495,-33.406495,-33.406495,0.0,1.501648,41.221,True
Canterbury,cp.html,HTML source,ZIP Optimal,3,1,24603,24603,8067,8067,8067,8067,0.0,-67.211316,-67.211316,-67.211316,-67.211316,0.0,3.049833,128.624,True
Canterbury,fields.c,C source,NTFS compact,3,1,11150,11150,8192,8192,8192,8192,0.0,-26.529148,-26.529148,-26.529148,-26.529148,0.0,1.361084,83.753,True
Canterbury,fields.c,C source,ZIP Optimal,3,1,11150,11150,3230,3230,3230,3230,0.0,-71.03139,-71.03139,-71.03139,-71.03139,0.0,3.452012,68.659,True
Canterbury,grammar.lsp,LISP source,NTFS compact,3,1,3721,3721,3721,3721,3721,3721,0.0,0.0,0.0,0.0,0.0,0.0,1.0,41.243,True
Canterbury,grammar.lsp,LISP source,ZIP Optimal,3,1,3721,3721,1336,1336,1336,1336,0.0,-64.095673,-64.095673,-64.095673,-64.095673,0.0,2.78518,65.135,True
Canterbury,kennedy.xls,Excel spreadsheet,NTFS compact,3,1,1029744,1029744,385024,385024,385024,385024,0.0,-62.609736,-62.609736,-62.609736,-62.609736,0.0,2.674493,102.086,True
Canterbury,kennedy.xls,Excel spreadsheet,ZIP Optimal,3,1,1029744,1029744,204106,204106,204106,204106,0.0,-80.178957,-80.178957,-80.178957,-80.178957,0.0,5.045143,214.898,True
Canterbury,lcet10.txt,Technical text,NTFS compact,3,1,426754,426754,290816,290816,290816,290816,0.0,-31.853949,-31.853949,-31.853949,-31.853949,0.0,1.467436,98.262,True
Canterbury,lcet10.txt,Technical text,ZIP Optimal,3,1,426754,426754,145016,145016,145016,145016,0.0,-66.018831,-66.018831,-66.018831,-66.018831,0.0,2.942806,197.431,True
Canterbury,plrabn12.txt,Poetry,NTFS compact,3,1,481861,481861,364544,364544,364544,364544,0.0,-24.346648,-24.346648,-24.346648,-24.346648,0.0,1.321818,59.992,True
Canterbury,plrabn12.txt,Poetry,ZIP Optimal,3,1,481861,481861,195377,195377,195377,195377,0.0,-59.45366,-59.45366,-59.45366,-59.45366,0.0,2.466314,352.604,True
Canterbury,ptt5,CCITT fax test data,NTFS compact,3,1,513216,513216,122880,122880,122880,122880,0.0,-76.056865,-76.056865,-76.056865,-76.056865,0.0,4.176562,43.501,True
Canterbury,ptt5,CCITT fax test data,ZIP Optimal,3,1,513216,513216,56565,56565,56565,56565,0.0,-88.978325,-88.978325,-88.978325,-88.978325,0.0,9.073031,112.223,True
Canterbury,sum,SPARC executable,NTFS compact,3,1,38240,38240,24576,24576,24576,24576,0.0,-35.732218,-35.732218,-35.732218,-35.732218,0.0,1.55599,47.673,True
Canterbury,sum,SPARC executable,ZIP Optimal,3,1,38240,38240,13088,13088,13088,13088,0.0,-65.774059,-65.774059,-65.774059,-65.774059,0.0,2.92176,72.505,True
Canterbury,xargs.1,GNU manual page,NTFS compact,3,1,4227,4227,4096,4096,4096,4096,0.0,-3.099125,-3.099125,-3.099125,-3.099125,0.0,1.031982,106.365,True
Canterbury,xargs.1,GNU manual page,ZIP Optimal,3,1,4227,4227,1842,1842,1842,1842,0.0,-56.422995,-56.422995,-56.422995,-56.422995,0.0,2.294788,65.737,True
Canterbury-Large,Complete corpus folder,Corpus aggregate,NTFS compact,3,3,11159482,11159482,6979584,6979584,6979584,6979584,0.0,-37.456022,-37.456022,-37.456022,-37.456022,0.0,1.598875,176.923,True
Canterbury-Large,Complete corpus folder,Corpus aggregate,ZIP Optimal,3,3,11159482,11159482,3259131,3259131,3259131,3259131,0.0,-70.794962,-70.794962,-70.794962,-70.794962,0.0,3.424067,5184.676,True
Canterbury-Large,E.coli,Genome sequence,NTFS compact,3,1,4638690,4638690,2899968,2899968,2899968,2899968,0.0,-37.483039,-37.483039,-37.483039,-37.483039,0.0,1.599566,91.843,True
Canterbury-Large,E.coli,Genome sequence,ZIP Optimal,3,1,4638690,4638690,1342094,1342094,1342094,1342094,0.0,-71.067392,-71.067392,-71.067392,-71.067392,0.0,3.456308,3412.519,True
Canterbury-Large,bible.txt,English text,NTFS compact,3,1,4047392,4047392,2400256,2400256,2400256,2400256,0.0,-40.696231,-40.696231,-40.696231,-40.696231,0.0,1.686233,122.182,True
Canterbury-Large,bible.txt,English text,ZIP Optimal,3,1,4047392,4047392,1191995,1191995,1191995,1191995,0.0,-70.54906,-70.54906,-70.54906,-70.54906,0.0,3.395477,1188.877,True
Canterbury-Large,world192.txt,English reference text,NTFS compact,3,1,2473400,2473400,1679360,1679360,1679360,1679360,0.0,-32.103178,-32.103178,-32.103178,-32.103178,0.0,1.472823,77.982,True
Canterbury-Large,world192.txt,English reference text,ZIP Optimal,3,1,2473400,2473400,725086,725086,725086,725086,0.0,-70.684645,-70.684645,-70.684645,-70.684645,0.0,3.411182,500.272,True
Silesia,Complete corpus folder,Corpus aggregate,NTFS compact,1,12,211938580,211938580,121049088,121049088,121049088,121049088,0.0,-42.884826,-42.884826,-42.884826,-42.884826,0.0,1.750848,2413.191,True
Silesia,Complete corpus folder,Corpus aggregate,ZIP Optimal,1,12,211938580,211938580,68221469,68221469,68221469,68221469,0.0,-67.810736,-67.810736,-67.810736,-67.810736,0.0,3.106626,42558.035,True
Silesia,dickens,English prose,NTFS compact,3,1,10192446,10192446,7147520,7147520,7147520,7147520,0.0,-29.87434,-29.87434,-29.87434,-29.87434,0.0,1.426012,180.746,True
Silesia,dickens,English prose,ZIP Optimal,3,1,10192446,10192446,3871740,3871740,3871740,3871740,0.0,-62.013632,-62.013632,-62.013632,-62.013632,0.0,2.632523,3449.236,True
Silesia,mozilla,Software project tar archive,NTFS compact,3,1,51220480,51220480,28700672,28700672,28700672,28700672,0.0,-43.966413,-43.966413,-43.966413,-43.966413,0.0,1.784644,599.122,True
Silesia,mozilla,Software project tar archive,ZIP Optimal,3,1,51220480,51220480,19089230,19089230,19089230,19089230,0.0,-62.731255,-62.731255,-62.731255,-62.731255,0.0,2.683214,9873.165,True
Silesia,mr,DICOM MRI image,NTFS compact,3,1,9970564,9970564,5951488,5951488,5951488,5951488,0.0,-40.309415,-40.309415,-40.309415,-40.309415,0.0,1.675306,190.278,True
Silesia,mr,DICOM MRI image,ZIP Optimal,3,1,9970564,9970564,3676037,3676037,3676037,3676037,0.0,-63.131103,-63.131103,-63.131103,-63.131103,0.0,2.712313,2681.889,True
Silesia,nci,Chemical database text,NTFS compact,3,1,33553445,33553445,10440704,10440704,10440704,10440704,0.0,-68.883362,-68.883362,-68.883362,-68.883362,0.0,3.213715,306.11,True
Silesia,nci,Chemical database text,ZIP Optimal,3,1,33553445,33553445,3200286,3200286,3200286,3200286,0.0,-90.462124,-90.462124,-90.462124,-90.462124,0.0,10.484515,2557.53,True
Silesia,ooffice,Windows DLL,NTFS compact,3,1,6152192,6152192,4542464,4542464,4542464,4542464,0.0,-26.165113,-26.165113,-26.165113,-26.165113,0.0,1.354373,160.209,True
Silesia,ooffice,Windows DLL,ZIP Optimal,3,1,6152192,6152192,3097400,3097400,3097400,3097400,0.0,-49.653717,-49.653717,-49.653717,-49.653717,0.0,1.986244,1734.579,True
Silesia,osdb,Synthetic binary database,NTFS compact,3,1,10085684,10085684,9031680,9031680,9031680,9031680,0.0,-10.450496,-10.450496,-10.450496,-10.450496,0.0,1.116701,224.935,True
Silesia,osdb,Synthetic binary database,ZIP Optimal,3,1,10085684,10085684,3695270,3695270,3695270,3695270,0.0,-63.361236,-63.361236,-63.361236,-63.361236,0.0,2.72935,1561.463,True
Silesia,reymont,Uncompressed PDF,NTFS compact,3,1,6627202,6627202,3735552,3735552,3735552,3735552,0.0,-43.633045,-43.633045,-43.633045,-43.633045,0.0,1.774089,132.102,True
Silesia,reymont,Uncompressed PDF,ZIP Optimal,3,1,6627202,6627202,1860977,1860977,1860977,1860977,0.0,-71.919115,-71.919115,-71.919115,-71.919115,0.0,3.561141,2078.555,True
Silesia,samba,Tar archive of source and graphics,NTFS compact,3,1,21606400,21606400,10424320,10424320,10424320,10424320,0.0,-51.753555,-51.753555,-51.753555,-51.753555,0.0,2.072692,238.025,True
Silesia,samba,Tar archive of source and graphics,ZIP Optimal,3,1,21606400,21606400,5451507,5451507,5451507,5451507,0.0,-74.769018,-74.769018,-74.769018,-74.769018,0.0,3.963381,3045.086,True
Silesia,sao,Binary star catalogue,NTFS compact,3,1,7251944,7251944,6832128,6832128,6832128,6832128,0.0,-5.789013,-5.789013,-5.789013,-5.789013,0.0,1.061447,152.116,True
Silesia,sao,Binary star catalogue,ZIP Optimal,3,1,7251944,7251944,5331897,5331897,5331897,5331897,0.0,-26.476308,-26.476308,-26.476308,-26.476308,0.0,1.360106,2356.301,True
Silesia,webster,English HTML dictionary,NTFS compact,3,1,41458703,41458703,23785472,23785472,23785472,23785472,0.0,-42.628519,-42.628519,-42.628519,-42.628519,0.0,1.743026,549.243,True
Silesia,webster,English HTML dictionary,ZIP Optimal,3,1,41458703,41458703,12214053,12214053,12214053,12214053,0.0,-70.53923,-70.53923,-70.53923,-70.53923,0.0,3.394344,10974.872,True
Silesia,x-ray,DICOM grayscale image,NTFS compact,3,1,8474240,8474240,8364032,8364032,8364032,8364032,0.0,-1.300506,-1.300506,-1.300506,-1.300506,0.0,1.013176,177.943,True
Silesia,x-ray,DICOM grayscale image,ZIP Optimal,3,1,8474240,8474240,6045219,6045219,6045219,6045219,0.0,-28.663585,-28.663585,-28.663585,-28.663585,0.0,1.401809,1883.187,True
Silesia,xml,XML archive,NTFS compact,3,1,5345280,5345280,2093056,2093056,2093056,2093056,0.0,-60.842912,-60.842912,-60.842912,-60.842912,0.0,2.553816,106.814,True
Silesia,xml,XML archive,ZIP Optimal,3,1,5345280,5345280,688095,688095,688095,688095,0.0,-87.127054,-87.127054,-87.127054,-87.127054,0.0,7.76823,904.29,True
Synthetic,already-compressed-zip,Already compressed archive,NTFS compact,5,1,8391324,8391324,8391324,8391324,8391324,8391324,0.0,0.0,0.0,0.0,0.0,0.0,1.0,164.252,True
Synthetic,already-compressed-zip,Already compressed archive,ZIP Optimal,5,1,8391324,8391324,8394034,8394034,8394034,8394034,0.0,0.032295,0.032295,0.032295,0.032295,0.0,0.999677,1236.426,True
Synthetic,deterministic-binary-8MiB,Synthetic high-entropy binary,NTFS compact,5,1,8388608,8388608,8388608,8388608,8388608,8388608,0.0,0.0,0.0,0.0,0.0,0.0,1.0,161.996,True
Synthetic,deterministic-binary-8MiB,Synthetic high-entropy binary,ZIP Optimal,5,1,8388608,8388608,8391324,8391324,8391324,8391324,0.0,0.032377,0.032377,0.032377,0.032377,0.0,0.999676,1159.362,True
Synthetic,repetitive-log-8MiB,Synthetic repetitive text,NTFS compact,5,1,8388608,8388608,1048576,1048576,1048576,1048576,0.0,-87.5,-87.5,-87.5,-87.5,0.0,8.0,93.662,True
Synthetic,repetitive-log-8MiB,Synthetic repetitive text,ZIP Optimal,5,1,8388608,8388608,28714,28714,28714,28714,0.0,-99.657702,-99.657702,-99.657702,-99.657702,0.0,292.143484,220.587,True
Synthetic,small-files-1000,Many small files,NTFS compact,5,1000,96000,96000,96000,96000,96000,96000,0.0,0.0,0.0,0.0,0.0,0.0,1.0,315.078,True
Synthetic,small-files-1000,Many small files,ZIP Optimal,5,1000,96000,96000,161997,161997,161997,161997,0.0,68.746875,68.746875,68.746875,68.746875,0.0,0.592604,15232.661,True
Synthetic,structured-jsonl,Synthetic structured text,NTFS compact,5,1,8388608,8388608,1048576,1048576,1048576,1048576,0.0,-87.5,-87.5,-87.5,-87.5,0.0,8.0,103.447,True
Synthetic,structured-jsonl,Synthetic structured text,ZIP Optimal,5,1,8388608,8388608,184883,184883,184883,184883,0.0,-97.796023,-97.796023,-97.796023,-97.796023,0.0,45.372522,352.286,True
